years,loccountrycode_a,loccountrycode_b,n_friends
2008,AD,ES,68
2008,AE,CA,309
2008,AF,MN,561
2008,AG,BO,44
2008,AI,TN,18
2008,AL,SE,262
2008,AM,KR,70
2008,AN,NL,16
2008,AO,RU,61
2008,AQ,CA,257
2008,AR,CL,1718
2008,AS,FR,46
2008,AT,AT,2648
2008,AU,AU,12800
2008,AW,AW,39
2008,AZ,DZ,116
2008,BA,BA,425
2008,BB,BB,67
2008,BD,NO,68
2008,BE,BE,6086
2008,BF,GB,41
2008,BG,BG,269
2008,BH,SA,70
2008,BI,ES,10
2008,BJ,FR,40
2008,BM,SE,87
2008,BN,BN,69
2008,BO,CA,86
2008,BR,BR,15669
2008,BS,US,70
2008,BT,FI,110
2008,BV,US,24
2008,BW,US,35
2008,BY,RU,230
2008,BZ,US,32
2008,CA,CA,16723
2008,CC,RU,65
2008,CF,US,19
2008,CG,TW,65
2008,CH,NO,2218
2008,CI,NO,35
2008,CK,DE,30
2008,CL,CL,2097
2008,CM,SE,20
2008,CN,CN,3261
2008,CO,VE,323
2008,CR,US,94
2008,CU,BA,122
2008,CV,AU,20
2008,CX,GB,172
2008,CY,DE,193
2008,CZ,CZ,1724
2008,DE,DE,35744
2008,DJ,RU,69
2008,DK,DK,8587
2008,DM,DK,9
2008,DO,DO,137
2008,DZ,US,252
2008,EC,UM,59
2008,EE,EE,566
2008,EG,EG,62
2008,EH,FR,29
2008,ER,FR,13
2008,ES,ES,8978
2008,ET,CL,40
2008,FI,FI,5932
2008,FJ,SE,56
2008,FK,FR,15
2008,FM,US,22
2008,FO,FO,119
2008,FR,BT,26955
2008,FX,BE,3528
2008,GA,FR,17
2008,GB,GB,21732
2008,GD,US,32
2008,GE,GE,34
2008,GF,FX,27
2008,GH,GB,31
2008,GI,DE,22
2008,GL,DE,60
2008,GM,DK,15
2008,GN,ES,9
2008,GP,FR,42
2008,GQ,DE,14
2008,GR,BE,785
2008,GT,GT,84
2008,GU,US,25
2008,GW,PL,15
2008,GY,HU,12
2008,HK,HK,1511
2008,HM,US,90
2008,HN,US,30
2008,HR,DE,380
2008,HT,BR,35
2008,HU,HU,1491
2008,ID,ID,46
2008,IE,IE,1008
2008,IL,IL,857
2008,IN,IN,836
2008,IO,US,44
2008,IQ,DE,188
2008,IR,UA,62
2008,IS,NO,693
2008,IT,IT,3102
2008,JM,GB,589
2008,JO,SE,20
2008,JP,US,6115
2008,KE,US,23
2008,KG,FI,50
2008,KH,US,91
2008,KI,FR,9
2008,KM,ES,14
2008,KN,SE,12
2008,KR,KR,3226
2008,KW,KW,104
2008,KY,BR,25
2008,KZ,RU,330
2008,LA,FR,47
2008,LB,US,65
2008,LC,AU,28
2008,LI,LI,30
2008,LK,IT,54
2008,LR,US,3
2008,LS,MX,5
2008,LT,LT,775
2008,LU,LU,309
2008,LV,LV,494
2008,LY,FI,40
2008,MA,BY,316
2008,MC,HU,44
2008,MD,RU,35
2008,MG,FX,55
2008,MH,RU,18
2008,ML,FR,5
2008,MM,NO,4
2008,MN,FX,99
2008,MO,HK,115
2008,MP,RU,17
2008,MQ,US,32
2008,MR,FR,7
2008,MS,NO,5
2008,MT,MT,77
2008,MU,US,9
2008,MV,MV,25
2008,MW,DE,1
2008,MX,US,825
2008,MY,KR,586
2008,MZ,TW,7
2008,NA,NO,18
2008,NC,NC,38
2008,NE,US,77
2008,NF,NL,10
2008,NG,FR,60
2008,NI,PL,14
2008,NL,NL,4386
2008,NO,US,12324
2008,NP,SE,22
2008,NR,NO,14
2008,NU,PL,13
2008,NZ,US,1803
2008,OM,UA,47
2008,PA,ES,273
2008,PE,PE,211
2008,PF,FR,29
2008,PG,NO,38
2008,PH,PH,320
2008,PK,FR,137
2008,PL,PL,13237
2008,PM,ES,9
2008,PN,BR,13
2008,PR,US,195
2008,PT,PT,6048
2008,PW,DE,5
2008,PY,AU,11
2008,QA,QA,99
2008,RE,RE,81
2008,RO,RO,2857
2008,RU,RU,12908
2008,RW,RU,40
2008,SA,RU,406
2008,SB,KR,21
2008,SC,NZ,39
2008,SD,ES,14
2008,SE,SE,18342
2008,SG,SG,2028
2008,SH,KR,15
2008,SI,SI,446
2008,SJ,US,16
2008,SK,GA,726
2008,SL,FR,18
2008,SM,DE,8
2008,SN,FR,16
2008,SO,FI,67
2008,SR,DK,14
2008,ST,NF,15
2008,SV,CL,88
2008,SY,PL,32
2008,SZ,AU,24
2008,TC,ES,21
2008,TD,BR,11
2008,TF,BR,41
2008,TG,CH,36
2008,TH,NO,691
2008,TJ,DE,49
2008,TK,NO,18
2008,TM,US,23
2008,TN,MA,266
2008,TO,ES,27
2008,TP,PK,6
2008,TR,DE,1046
2008,TT,AI,48
2008,TV,SE,28
2008,TW,KR,1939
2008,TZ,TH,25
2008,UA,FR,926
2008,UG,PL,50
2008,UM,RU,967
2008,US,US,88234
2008,UY,UY,57
2008,UZ,GP,60
2008,VA,TF,192
2008,VC,PL,36
2008,VE,VE,1682
2008,VG,FR,42
2008,VI,US,164
2008,VN,MN,268
2008,VU,US,14
2008,WF,FI,22
2008,WS,RU,30
2008,YE,DE,28
2008,YT,US,2
2008,YU,YU,371
2008,ZA,DZ,819
2008,ZM,RO,39
2008,ZR,FI,9
2008,ZW,SE,227
2009,AD,AU,763
2009,AE,US,4330
2009,AF,SE,5390
2009,AG,DK,435
2009,AI,ES,157
2009,AL,YU,2406
2009,AM,PL,785
2009,AN,BE,371
2009,AO,BR,985
2009,AQ,FR,3443
2009,AR,ES,19921
2009,AS,DK,541
2009,AT,DE,30374
2009,AU,AU,166214
2009,AW,US,428
2009,AZ,GB,1292
2009,BA,US,4507
2009,BB,IT,823
2009,BD,GB,656
2009,BE,FR,66923
2009,BF,SE,422
2009,BG,RU,4460
2009,BH,DK,657
2009,BI,NO,193
2009,BJ,DE,406
2009,BM,NO,874
2009,BN,BN,640
2009,BO,AR,962
2009,BR,BR,184721
2009,BS,US,864
2009,BT,FR,909
2009,BV,QA,254
2009,BW,ZA,352
2009,BY,RU,3814
2009,BZ,HU,497
2009,CA,US,190770
2009,CC,PT,538
2009,CF,US,227
2009,CG,US,657
2009,CH,CH,22712
2009,CI,CI,321
2009,CK,CL,270
2009,CL,JM,31331
2009,CM,BA,265
2009,CN,MY,19016
2009,CO,US,5235
2009,CR,US,1232
2009,CU,FI,1256
2009,CV,TH,199
2009,CX,DE,2018
2009,CY,CY,3902
2009,CZ,CZ,23842
2009,DE,DE,396410
2009,DJ,HR,839
2009,DK,SE,118713
2009,DM,KR,82
2009,DO,DO,1255
2009,DZ,DK,3420
2009,EC,VE,738
2009,EE,EE,6459
2009,EG,IT,1149
2009,EH,NO,330
2009,ER,SE,135
2009,ES,US,104084
2009,ET,US,536
2009,FI,RU,59840
2009,FJ,DE,685
2009,FK,US,207
2009,FM,CA,160
2009,FO,FO,1504
2009,FR,US,280406
2009,FX,FR,35625
2009,GA,RU,176
2009,GB,DE,250422
2009,GD,DE,189
2009,GE,US,623
2009,GF,FR,308
2009,GH,DE,425
2009,GI,GI,319
2009,GL,PL,516
2009,GM,RO,126
2009,GN,FR,100
2009,GP,FR,385
2009,GQ,GB,140
2009,GR,RU,10432
2009,GT,NL,985
2009,GU,GU,380
2009,GW,DE,161
2009,GY,DE,124
2009,HK,HK,15778
2009,HM,FR,1209
2009,HN,FR,347
2009,HR,NL,5649
2009,HT,PL,457
2009,HU,US,23075
2009,ID,ID,1459
2009,IE,GB,11785
2009,IL,DE,11349
2009,IN,IN,17269
2009,IO,NO,531
2009,IQ,DE,1871
2009,IR,GB,874
2009,IS,IS,7372
2009,IT,IT,46603
2009,JM,ES,6526
2009,JO,AU,370
2009,JP,JP,64086
2009,KE,IS,305
2009,KG,US,494
2009,KH,US,909
2009,KI,US,158
2009,KM,FR,127
2009,KN,SE,162
2009,KR,KR,29752
2009,KW,US,1567
2009,KY,FI,331
2009,KZ,KZ,4548
2009,LA,UM,403
2009,LB,SE,874
2009,LC,RO,324
2009,LI,US,418
2009,LK,LK,2730
2009,LR,US,56
2009,LS,IS,67
2009,LT,LT,8288
2009,LU,CH,2592
2009,LV,LT,5592
2009,LY,MX,804
2009,MA,MA,4229
2009,MC,AT,495
2009,MD,US,631
2009,MG,YU,506
2009,MH,CA,142
2009,ML,US,99
2009,MM,CA,122
2009,MN,RU,899
2009,MO,TW,996
2009,MP,NO,174
2009,MQ,FR,413
2009,MR,DE,53
2009,MS,DE,36
2009,MT,MT,1340
2009,MU,AU,155
2009,MV,MV,354
2009,MW,PT,99
2009,MX,MX,8729
2009,MY,MY,6628
2009,MZ,DK,259
2009,NA,NA,282
2009,NC,PL,448
2009,NE,NO,1334
2009,NF,NO,152
2009,NG,RU,593
2009,NI,BR,201
2009,NL,NL,67771
2009,NO,FR,107687
2009,NP,DE,284
2009,NR,PL,145
2009,NU,WS,205
2009,NZ,NZ,22469
2009,OM,NO,499
2009,PA,UM,1870
2009,PE,VE,2128
2009,PF,PF,289
2009,PG,RU,269
2009,PH,PH,4375
2009,PK,WS,2059
2009,PL,PL,179004
2009,PM,GB,132
2009,PN,LV,173
2009,PR,PR,2216
2009,PT,DE,76715
2009,PW,CL,142
2009,PY,US,363
2009,QA,JP,1107
2009,RE,FR,1457
2009,RO,RO,38167
2009,RU,RU,203175
2009,RW,RU,302
2009,SA,SA,6950
2009,SB,FR,177
2009,SC,US,385
2009,SD,NZ,175
2009,SE,US,180708
2009,SG,SG,20520
2009,SH,DE,112
2009,SI,SE,4825
2009,SJ,NZ,168
2009,SK,CZ,10169
2009,SL,RU,240
2009,SM,RU,118
2009,SN,SE,174
2009,SO,FR,796
2009,SR,NL,178
2009,ST,RU,114
2009,SV,SV,772
2009,SY,CH,430
2009,SZ,SE,246
2009,TC,IT,59
2009,TD,BR,225
2009,TF,FR,332
2009,TG,LV,470
2009,TH,DE,6406
2009,TJ,CH,486
2009,TK,GB,163
2009,TM,US,219
2009,TN,MA,2479
2009,TO,DK,210
2009,TP,US,182
2009,TR,TR,13773
2009,TT,CL,686
2009,TV,RU,202
2009,TW,TW,28939
2009,TZ,ES,335
2009,UA,RU,14123
2009,UG,DK,545
2009,UM,US,11259
2009,US,US,1039581
2009,UY,AR,1180
2009,UZ,DE,711
2009,VA,US,2564
2009,VC,PT,354
2009,VE,VE,14188
2009,VG,CA,261
2009,VI,US,1970
2009,VN,VE,2781
2009,VU,BE,277
2009,WF,ES,316
2009,WS,NZ,204
2009,YE,FI,308
2009,YT,LT,65
2009,YU,US,5048
2009,ZA,ZA,13157
2009,ZM,PL,351
2009,ZR,US,148
2009,ZW,SG,2947
2010,AD,US,760
2010,AE,NL,6293
2010,AF,US,6580
2010,AG,PT,554
2010,AI,US,152
2010,AL,NO,2626
2010,AM,RU,876
2010,AN,NL,542
2010,AO,PT,945
2010,AQ,US,5065
2010,AR,ES,34461
2010,AS,PL,886
2010,AT,AT,35796
2010,AU,MY,204632
2010,AW,IL,647
2010,AZ,RU,1852
2010,BA,LV,5172
2010,BB,US,956
2010,BD,ES,780
2010,BE,PL,81824
2010,BF,DK,464
2010,BG,US,7438
2010,BH,NL,1009
2010,BI,SE,219
2010,BJ,NO,403
2010,BM,US,763
2010,BN,TV,1026
2010,BO,CZ,841
2010,BR,US,253969
2010,BS,GB,1038
2010,BT,CH,811
2010,BV,US,217
2010,BW,US,431
2010,BY,BY,8336
2010,BZ,SE,499
2010,CA,US,214989
2010,CC,BR,627
2010,CF,CL,290
2010,CG,BR,666
2010,CH,CH,26076
2010,CI,FR,401
2010,CK,US,292
2010,CL,CL,56274
2010,CM,RU,260
2010,CN,CN,26314
2010,CO,US,7300
2010,CR,US,2077
2010,CU,DE,1551
2010,CV,NO,229
2010,CX,TR,2432
2010,CY,CY,5246
2010,CZ,SK,38937
2010,DE,MD,446422
2010,DJ,DZ,878
2010,DK,US,157224
2010,DM,DK,101
2010,DO,CO,1516
2010,DZ,DZ,4177
2010,EC,FR,1153
2010,EE,EE,9769
2010,EG,BE,1840
2010,EH,FR,307
2010,ER,PL,166
2010,ES,RU,138704
2010,ET,NO,680
2010,FI,US,74786
2010,FJ,AU,794
2010,FK,FO,253
2010,FM,US,215
2010,FO,FO,2094
2010,FR,RE,325856
2010,FX,FR,39485
2010,GA,SE,231
2010,GB,US,283771
2010,GD,US,200
2010,GE,BE,1146
2010,GF,CH,422
2010,GH,MX,413
2010,GI,SE,408
2010,GL,DK,653
2010,GM,DK,134
2010,GN,US,113
2010,GP,NO,487
2010,GQ,AU,161
2010,GR,US,19223
2010,GT,US,1572
2010,GU,GU,349
2010,GW,FI,108
2010,GY,US,213
2010,HK,TW,15517
2010,HM,PL,1368
2010,HN,VE,823
2010,HR,GB,10156
2010,HT,PL,587
2010,HU,GB,43518
2010,ID,ID,2365
2010,IE,CA,13500
2010,IL,IL,17260
2010,IN,IN,30781
2010,IO,IS,473
2010,IQ,NO,1983
2010,IR,WS,1832
2010,IS,GB,10318
2010,IT,DE,78404
2010,JM,BR,8100
2010,JO,EG,621
2010,JP,US,79420
2010,KE,LT,378
2010,KG,RU,564
2010,KH,US,932
2010,KI,RU,154
2010,KM,RU,140
2010,KN,US,159
2010,KR,RU,37503
2010,KW,US,2346
2010,KY,RU,338
2010,KZ,KZ,7850
2010,LA,LU,338
2010,LB,AE,1032
2010,LC,CZ,434
2010,LI,CH,433
2010,LK,LV,3852
2010,LR,FR,81
2010,LS,DK,117
2010,LT,US,14437
2010,LU,DE,2921
2010,LV,LV,9637
2010,LY,PL,1031
2010,MA,MA,6226
2010,MC,MA,716
2010,MD,MD,1207
2010,MG,FI,643
2010,MH,GB,136
2010,ML,SE,129
2010,MM,US,94
2010,MN,DK,1271
2010,MO,US,1081
2010,MP,NO,213
2010,MQ,PT,538
2010,MR,US,46
2010,MS,YU,121
2010,MT,MD,2592
2010,MU,LU,236
2010,MV,MV,516
2010,MW,JM,118
2010,MX,MX,14719
2010,MY,MY,9757
2010,MZ,FI,275
2010,NA,FR,714
2010,NC,WS,842
2010,NE,US,1547
2010,NF,BE,218
2010,NG,UA,901
2010,NI,AU,325
2010,NL,US,106686
2010,NO,US,117408
2010,NP,AU,361
2010,NR,AU,197
2010,NU,NG,253
2010,NZ,SG,27129
2010,OM,NO,546
2010,PA,GT,2562
2010,PE,BR,3005
2010,PF,FR,495
2010,PG,FI,351
2010,PH,MY,7006
2010,PK,ES,3225
2010,PL,PL,354939
2010,PM,DE,157
2010,PN,RU,235
2010,PR,US,2884
2010,PT,PT,98048
2010,PW,PL,144
2010,PY,PY,694
2010,QA,US,1312
2010,RE,FR,3689
2010,RO,RU,69500
2010,RU,EG,363966
2010,RW,RU,430
2010,SA,RU,10276
2010,SB,NO,136
2010,SC,DE,396
2010,SD,SI,204
2010,SE,US,216266
2010,SG,US,22098
2010,SH,ES,151
2010,SI,SI,7093
2010,SJ,FR,186
2010,SK,SK,17671
2010,SL,TW,311
2010,SM,RU,223
2010,SN,CZ,207
2010,SO,FR,1067
2010,SR,RU,182
2010,ST,PL,200
2010,SV,SV,1486
2010,SY,AU,500
2010,SZ,DE,285
2010,TC,AL,99
2010,TD,BR,354
2010,TF,FR,421
2010,TG,PL,501
2010,TH,FR,10730
2010,TJ,US,433
2010,TK,CA,137
2010,TM,GB,379
2010,TN,BE,3404
2010,TO,SE,244
2010,TP,RU,189
2010,TR,TR,23107
2010,TT,MA,1241
2010,TV,US,218
2010,TW,HK,33838
2010,TZ,UA,378
2010,UA,MD,31399
2010,UG,NO,644
2010,UM,US,12713
2010,US,CZ,1192099
2010,UY,UY,2139
2010,UZ,PL,986
2010,VA,NL,3242
2010,VC,EG,449
2010,VE,US,17718
2010,VG,LV,348
2010,VI,US,2119
2010,VN,AU,3827
2010,VU,VE,283
2010,WF,SE,347
2010,WS,AU,193
2010,YE,US,516
2010,YT,BE,62
2010,YU,US,11334
2010,ZA,ZA,26794
2010,ZM,RU,395
2010,ZR,US,203
2010,ZW,FR,3455
2011,AD,US,660
2011,AE,YU,8676
2011,AF,BR,7205
2011,AG,PR,660
2011,AI,DE,236
2011,AL,RU,2932
2011,AM,BE,1247
2011,AN,PL,452
2011,AO,BR,908
2011,AQ,US,6665
2011,AR,US,52753
2011,AS,JP,943
2011,AT,DE,33310
2011,AU,US,267430
2011,AW,YU,776
2011,AZ,DE,2258
2011,BA,SI,6255
2011,BB,US,870
2011,BD,DE,759
2011,BE,DE,79428
2011,BF,US,516
2011,BG,RU,10870
2011,BH,BH,1206
2011,BI,RU,186
2011,BJ,JM,307
2011,BM,US,797
2011,BN,MY,890
2011,BO,DE,886
2011,BR,BR,334112
2011,BS,NO,1171
2011,BT,ZA,602
2011,BV,BR,244
2011,BW,US,565
2011,BY,BY,15281
2011,BZ,US,459
2011,CA,US,262062
2011,CC,RU,619
2011,CF,BR,269
2011,CG,US,691
2011,CH,DE,23519
2011,CI,VE,347
2011,CK,DK,336
2011,CL,CL,81395
2011,CM,US,243
2011,CN,CN,32503
2011,CO,IL,6819
2011,CR,CR,3403
2011,CU,RU,1779
2011,CV,US,255
2011,CX,US,3152
2011,CY,CY,5236
2011,CZ,SK,47441
2011,DE,DE,403076
2011,DJ,DK,1048
2011,DK,DK,160885
2011,DM,DM,190
2011,DO,US,1739
2011,DZ,DK,4645
2011,EC,CR,1713
2011,EE,EE,14064
2011,EG,US,1782
2011,EH,FR,451
2011,ER,ES,167
2011,ES,PT,141124
2011,ET,BR,707
2011,FI,SK,86595
2011,FJ,GT,999
2011,FK,SE,301
2011,FM,AR,251
2011,FO,US,2155
2011,FR,FR,314805
2011,FX,FR,34788
2011,GA,FX,245
2011,GB,FR,372559
2011,GD,ES,192
2011,GE,UA,1860
2011,GF,FR,310
2011,GH,US,406
2011,GI,DK,429
2011,GL,US,744
2011,GM,ES,129
2011,GN,NL,121
2011,GP,BA,620
2011,GQ,US,152
2011,GR,RU,24054
2011,GT,GT,1740
2011,GU,GU,412
2011,GW,NO,109
2011,GY,NL,198
2011,HK,HK,14567
2011,HM,FI,1540
2011,HN,US,1030
2011,HR,GB,11818
2011,HT,CZ,434
2011,HU,JM,45945
2011,ID,SG,3908
2011,IE,IE,17470
2011,IL,PR,22793
2011,IN,IN,69880
2011,IO,US,527
2011,IQ,US,2211
2011,IR,LT,2692
2011,IS,DZ,9597
2011,IT,IT,93515
2011,JM,RU,8821
2011,JO,US,831
2011,JP,MY,82480
2011,KE,US,494
2011,KG,SE,720
2011,KH,US,902
2011,KI,PT,139
2011,KM,US,99
2011,KN,KN,187
2011,KR,KR,52372
2011,KW,US,1899
2011,KY,US,360
2011,KZ,KR,12328
2011,LA,KR,372
2011,LB,SA,993
2011,LC,US,327
2011,LI,DE,539
2011,LK,ES,4613
2011,LR,US,124
2011,LS,CL,101
2011,LT,FR,19027
2011,LU,PT,2894
2011,LV,LV,14571
2011,LY,PT,772
2011,MA,MA,5175
2011,MC,IS,818
2011,MD,ES,2477
2011,MG,US,830
2011,MH,UM,216
2011,ML,CY,166
2011,MM,US,151
2011,MN,ES,1632
2011,MO,US,918
2011,MP,RU,365
2011,MQ,FR,440
2011,MR,YU,27
2011,MS,US,87
2011,MT,MT,2164
2011,MU,BE,236
2011,MV,MV,343
2011,MW,CL,115
2011,MX,UA,19180
2011,MY,SG,13458
2011,MZ,NO,330
2011,NA,US,696
2011,NC,PL,776
2011,NE,PL,2020
2011,NF,US,321
2011,NG,RU,1185
2011,NI,NE,506
2011,NL,DE,106968
2011,NO,RU,108513
2011,NP,NL,346
2011,NR,MY,248
2011,NU,RU,381
2011,NZ,AU,35712
2011,OM,KR,732
2011,PA,PA,2364
2011,PE,US,4648
2011,PF,AU,613
2011,PG,CA,465
2011,PH,PH,9144
2011,PK,US,3558
2011,PL,RU,375873
2011,PM,GB,179
2011,PN,CZ,165
2011,PR,US,3254
2011,PT,PT,109265
2011,PW,PL,140
2011,PY,UM,939
2011,QA,CA,1581
2011,RE,FR,2729
2011,RO,US,96171
2011,RU,RU,535788
2011,RW,US,435
2011,SA,PK,11067
2011,SB,SG,182
2011,SC,AF,557
2011,SD,US,287
2011,SE,DE,210034
2011,SG,SG,26751
2011,SH,GB,181
2011,SI,US,6685
2011,SJ,US,257
2011,SK,SK,23971
2011,SL,US,392
2011,SM,PT,350
2011,SN,SE,216
2011,SO,CA,1170
2011,SR,CA,211
2011,ST,RO,203
2011,SV,VE,1605
2011,SY,SE,519
2011,SZ,BR,442
2011,TC,US,136
2011,TD,US,411
2011,TF,FR,347
2011,TG,SE,512
2011,TH,MY,13255
2011,TJ,RU,511
2011,TK,US,207
2011,TM,CL,409
2011,TN,SE,2712
2011,TO,SE,190
2011,TP,ES,138
2011,TR,TR,37945
2011,TT,DE,1154
2011,TV,US,273
2011,TW,CA,28051
2011,TZ,GB,382
2011,UA,UA,57831
2011,UG,US,884
2011,UM,US,14145
2011,US,US,1459241
2011,UY,AR,2738
2011,UZ,JM,1054
2011,VA,US,3562
2011,VC,FR,467
2011,VE,CA,26379
2011,VG,US,358
2011,VI,US,2358
2011,VN,BR,6436
2011,VU,JP,301
2011,WF,IE,373
2011,WS,NZ,240
2011,YE,US,626
2011,YT,US,71
2011,YU,GB,18183
2011,ZA,ZA,34283
2011,ZM,RU,441
2011,ZR,US,174
2011,ZW,DZ,4563
2012,AD,SE,1062
2012,AE,US,12653
2012,AF,US,10946
2012,AG,BR,1174
2012,AI,US,342
2012,AL,US,4705
2012,AM,PL,2390
2012,AN,PL,521
2012,AO,NO,1671
2012,AQ,US,11114
2012,AR,CL,131038
2012,AS,US,1674
2012,AT,DK,38808
2012,AU,CX,359147
2012,AW,IL,932
2012,AZ,CI,3360
2012,BA,AU,9165
2012,BB,PT,1258
2012,BD,SE,2187
2012,BE,FR,87311
2012,BF,CA,768
2012,BG,BG,21118
2012,BH,BH,1503
2012,BI,NO,217
2012,BJ,NO,319
2012,BM,CZ,1035
2012,BN,MY,1540
2012,BO,NO,2346
2012,BR,CL,607500
2012,BS,RU,1689
2012,BT,US,699
2012,BV,PL,299
2012,BW,US,817
2012,BY,BY,42796
2012,BZ,US,415
2012,CA,EE,379209
2012,CC,BR,748
2012,CF,SE,246
2012,CG,LT,880
2012,CH,FR,26685
2012,CI,RO,466
2012,CK,BA,523
2012,CL,US,144638
2012,CM,PL,336
2012,CN,CL,93625
2012,CO,IL,12890
2012,CR,CR,7352
2012,CU,DE,2760
2012,CV,RU,415
2012,CX,RU,4499
2012,CY,TR,4223
2012,CZ,SE,75869
2012,DE,DE,465108
2012,DJ,US,1313
2012,DK,DK,162950
2012,DM,RU,228
2012,DO,VE,3664
2012,DZ,FR,7347
2012,EC,US,10034
2012,EE,EE,22191
2012,EG,US,4303
2012,EH,GB,612
2012,ER,BR,218
2012,ES,ES,168703
2012,ET,US,949
2012,FI,FI,114168
2012,FJ,FR,1580
2012,FK,FO,371
2012,FM,ES,335
2012,FO,FO,2292
2012,FR,DE,350190
2012,FX,FR,36103
2012,GA,FR,354
2012,GB,SK,506701
2012,GD,US,285
2012,GE,GE,3436
2012,GF,PL,375
2012,GH,US,392
2012,GI,DE,409
2012,GL,GB,1060
2012,GM,CZ,192
2012,GN,ES,168
2012,GP,FR,630
2012,GQ,AQ,129
2012,GR,GR,37745
2012,GT,US,3579
2012,GU,GU,728
2012,GW,ES,251
2012,GY,HU,265
2012,HK,HK,18645
2012,HM,NO,2065
2012,HN,RU,1681
2012,HR,DK,19548
2012,HT,US,730
2012,HU,RU,65610
2012,ID,ID,50687
2012,IE,IE,25684
2012,IL,DO,28804
2012,IN,ID,112525
2012,IO,NO,731
2012,IQ,SE,3484
2012,IR,US,5488
2012,IS,IS,11036
2012,IT,UG,131388
2012,JM,PT,11899
2012,JO,GB,2921
2012,JP,JP,100527
2012,KE,US,723
2012,KG,KG,1655
2012,KH,ES,1748
2012,KI,US,249
2012,KM,US,82
2012,KN,RU,360
2012,KR,RU,63524
2012,KW,JP,2744
2012,KY,BR,588
2012,KZ,KZ,32991
2012,LA,BR,733
2012,LB,US,1955
2012,LC,US,513
2012,LI,PL,594
2012,LK,BR,6153
2012,LR,BE,200
2012,LS,AU,156
2012,LT,JP,36013
2012,LU,DE,3065
2012,LV,BY,26334
2012,LY,DK,1170
2012,MA,PL,7099
2012,MC,RU,1109
2012,MD,MD,5448
2012,MG,GB,1430
2012,MH,DE,282
2012,ML,RU,298
2012,MM,US,1177
2012,MN,PL,3760
2012,MO,HK,1347
2012,MP,US,544
2012,MQ,FR,446
2012,MR,US,71
2012,MS,HU,121
2012,MT,MT,3204
2012,MU,AU,1092
2012,MV,MV,497
2012,MW,US,177
2012,MX,MX,34250
2012,MY,MY,77577
2012,MZ,US,443
2012,NA,US,926
2012,NC,AU,747
2012,NE,BR,3325
2012,NF,RU,532
2012,NG,NL,1792
2012,NI,US,835
2012,NL,DE,129064
2012,NO,NO,120413
2012,NP,US,932
2012,NR,PL,270
2012,NU,NO,658
2012,NZ,PT,53243
2012,OM,NO,1061
2012,PA,US,3519
2012,PE,PE,30423
2012,PF,PL,693
2012,PG,RU,797
2012,PH,PH,71631
2012,PK,RU,7223
2012,PL,PL,410214
2012,PM,US,166
2012,PN,RO,326
2012,PR,US,4787
2012,PT,PT,144233
2012,PW,PL,244
2012,PY,FO,2617
2012,QA,DK,2074
2012,RE,RE,3559
2012,RO,RO,147440
2012,RU,RU,890624
2012,RW,US,460
2012,SA,SA,13705
2012,SB,US,220
2012,SC,RU,794
2012,SD,US,243
2012,SE,CL,232311
2012,SG,SG,73273
2012,SH,US,320
2012,SI,SI,9313
2012,SJ,US,287
2012,SK,SK,37333
2012,SL,TW,586
2012,SM,SE,508
2012,SN,BR,266
2012,SO,AU,1746
2012,SR,RO,245
2012,ST,PL,238
2012,SV,DE,2241
2012,SY,NL,1138
2012,SZ,RO,614
2012,TC,US,273
2012,TD,US,441
2012,TF,FR,375
2012,TG,PL,633
2012,TH,TH,60628
2012,TJ,NO,754
2012,TK,US,263
2012,TM,DE,474
2012,TN,RU,3981
2012,TO,TO,329
2012,TP,ES,165
2012,TR,TR,93629
2012,TT,US,2492
2012,TV,US,445
2012,TW,CA,23145
2012,TZ,NZ,449
2012,UA,CL,162351
2012,UG,MY,1576
2012,UM,CL,23271
2012,US,US,2046212
2012,UY,UY,7268
2012,UZ,PL,1749
2012,VA,AU,5031
2012,VC,RU,619
2012,VE,VE,53594
2012,VG,US,659
2012,VI,US,3971
2012,VN,DE,25195
2012,VU,HK,290
2012,WF,ES,648
2012,WS,RU,278
2012,YE,GB,710
2012,YT,BE,115
2012,YU,US,29088
2012,ZA,ZA,54915
2012,ZM,MN,645
2012,ZR,JP,329
2012,ZW,SG,6628
2013,AD,ES,841
2013,AE,LB,9501
2013,AF,UM,11033
2013,AG,BR,918
2013,AI,NO,429
2013,AL,QA,4906
2013,AM,ES,2826
2013,AN,NL,385
2013,AO,PH,1354
2013,AQ,UA,9247
2013,AR,US,138523
2013,AS,KZ,1981
2013,AT,DE,28541
2013,AU,AU,249110
2013,AW,IL,806
2013,AZ,KZ,3501
2013,BA,VN,8952
2013,BB,US,1012
2013,BD,US,2840
2013,BE,FR,54536
2013,BF,CN,672
2013,BG,ES,20894
2013,BH,BH,1351
2013,BI,LT,243
2013,BJ,FR,253
2013,BM,DK,828
2013,BN,RE,1162
2013,BO,BR,4040
2013,BR,BR,608448
2013,BS,DE,1516
2013,BT,NO,563
2013,BV,US,189
2013,BW,BR,650
2013,BY,US,61878
2013,BZ,RU,367
2013,CA,UG,266793
2013,CC,CU,970
2013,CF,RU,312
2013,CG,US,871
2013,CH,CH,19639
2013,CI,PE,444
2013,CK,KZ,496
2013,CL,CL,131406
2013,CM,DK,272
2013,CN,CN,111966
2013,CO,US,12689
2013,CR,US,6488
2013,CU,FR,2817
2013,CV,RU,358
2013,CX,US,3533
2013,CY,CY,2309
2013,CZ,CZ,62304
2013,DE,GB,329391
2013,DJ,US,876
2013,DK,BE,98370
2013,DM,KZ,322
2013,DO,VE,2822
2013,DZ,DK,6052
2013,EC,ES,13979
2013,EE,EE,18108
2013,EG,US,5977
2013,EH,FR,437
2013,ER,DE,147
2013,ES,CL,107706
2013,ET,US,647
2013,FI,LT,77165
2013,FJ,QA,1201
2013,FK,US,270
2013,FM,SE,298
2013,FO,FO,1532
2013,FR,FR,226671
2013,FX,CL,21780
2013,GA,MY,362
2013,GB,DE,369097
2013,GD,US,255
2013,GE,KH,7108
2013,GF,GF,231
2013,GH,FR,480
2013,GI,GI,263
2013,GL,GB,870
2013,GM,DE,162
2013,GN,CA,163
2013,GP,FR,464
2013,GQ,US,123
2013,GR,GR,28894
2013,GT,US,3950
2013,GU,US,612
2013,GW,SV,244
2013,GY,RU,122
2013,HK,FI,13189
2013,HM,US,1655
2013,HN,RU,1497
2013,HR,AT,16551
2013,HT,SK,666
2013,HU,JM,52526
2013,ID,SG,71243
2013,IE,IE,18828
2013,IL,IL,23251
2013,IN,UG,93103
2013,IO,SE,570
2013,IQ,RU,2983
2013,IR,RU,6381
2013,IS,IS,6859
2013,IT,CL,107000
2013,JM,CL,9815
2013,JO,GB,4810
2013,JP,CL,65220
2013,KE,AU,693
2013,KG,KG,2725
2013,KH,RO,1577
2013,KI,US,209
2013,KM,US,87
2013,KN,US,248
2013,KR,KR,58966
2013,KW,KW,2115
2013,KY,AR,496
2013,KZ,KZ,44473
2013,LA,PL,626
2013,LB,AE,2368
2013,LC,JP,522
2013,LI,US,534
2013,LK,BA,5805
2013,LR,SA,149
2013,LS,US,144
2013,LT,GB,31149
2013,LU,LU,2620
2013,LV,RU,24509
2013,LY,US,900
2013,MA,US,4224
2013,MC,FR,949
2013,MD,IT,7772
2013,MG,AW,1799
2013,MH,CN,221
2013,ML,US,278
2013,MM,CA,4161
2013,MN,UA,5162
2013,MO,IN,1113
2013,MP,US,412
2013,MQ,IL,358
2013,MR,US,41
2013,MS,BR,128
2013,MT,MT,1704
2013,MU,DE,814
2013,MV,RU,597
2013,MW,FR,159
2013,MX,US,29684
2013,MY,ID,92156
2013,MZ,GB,402
2013,NA,ZA,1007
2013,NC,US,461
2013,NE,PT,2854
2013,NF,RU,726
2013,NG,NL,1355
2013,NI,RU,790
2013,NL,NL,88355
2013,NO,FR,74131
2013,NP,NL,1094
2013,NR,US,294
2013,NU,RU,616
2013,NZ,CL,37291
2013,OM,JP,996
2013,PA,UA,3058
2013,PE,CL,79140
2013,PF,DE,332
2013,PG,CA,713
2013,PH,PH,96406
2013,PK,PK,8325
2013,PL,AF,275502
2013,PM,US,179
2013,PN,FI,258
2013,PR,PR,3547
2013,PT,PT,102842
2013,PW,CL,227
2013,PY,AR,3293
2013,QA,QA,1685
2013,RE,CA,1659
2013,RO,UG,137317
2013,RU,RU,1096327
2013,RW,RU,550
2013,SA,RU,11953
2013,SB,PE,216
2013,SC,BR,482
2013,SD,SI,273
2013,SE,SE,152319
2013,SG,ZW,65055
2013,SH,DK,394
2013,SI,RU,6976
2013,SJ,PT,281
2013,SK,SK,31904
2013,SL,HU,535
2013,SM,FI,559
2013,SN,SE,247
2013,SO,LT,1378
2013,SR,US,213
2013,ST,RU,227
2013,SV,DE,1849
2013,SY,RU,1609
2013,SZ,US,625
2013,TC,US,106
2013,TD,CA,470
2013,TF,EH,234
2013,TG,BR,639
2013,TH,TH,55966
2013,TJ,US,776
2013,TK,US,224
2013,TM,TW,383
2013,TN,SA,3343
2013,TO,RU,389
2013,TP,FR,141
2013,TR,TR,95914
2013,TT,RU,2002
2013,TV,US,276
2013,TW,TW,12891
2013,TZ,US,311
2013,UA,RU,242594
2013,UG,MY,1156
2013,UM,MX,21398
2013,US,DE,1437835
2013,UY,BR,7895
2013,UZ,BR,1870
2013,VA,BR,3791
2013,VC,TR,529
2013,VE,CA,60149
2013,VG,SE,872
2013,VI,US,3537
2013,VN,RU,33517
2013,VU,IE,225
2013,WF,IN,356
2013,WS,US,282
2013,YE,DK,502
2013,YT,US,100
2013,YU,US,27955
2013,ZA,ZA,55233
2013,ZM,RU,764
2013,ZR,US,320
2013,ZW,ES,6545
