loccountrycode,year(timecreated),count(*)
AD,2003,53
AE,2003,74
AF,2003,386
AG,2003,32
AI,2003,21
AL,2003,122
AM,2003,68
AN,2003,23
AO,2003,40
AQ,2003,138
AR,2003,183
AS,2003,46
AT,2003,1907
AU,2003,5115
AW,2003,35
AZ,2003,77
BA,2003,240
BB,2003,50
BD,2003,43
BE,2003,4729
BF,2003,30
BG,2003,67
BH,2003,34
BI,2003,6
BJ,2003,34
BM,2003,88
BN,2003,36
BO,2003,85
BR,2003,4857
BS,2003,56
BT,2003,74
BV,2003,10
BW,2003,30
BY,2003,271
BZ,2003,51
CA,2003,13669
CC,2003,28
CF,2003,8
CG,2003,37
CH,2003,1334
CI,2003,10
CK,2003,12
CL,2003,571
CM,2003,16
CN,2003,806
CO,2003,94
CR,2003,30
CU,2003,97
CV,2003,6
CX,2003,72
CY,2003,69
CZ,2003,936
DE,2003,26340
DJ,2003,36
DK,2003,6500
DM,2003,11
DO,2003,67
DZ,2003,117
EC,2003,14
EE,2003,392
EG,2003,23
EH,2003,12
ER,2003,3
ES,2003,4184
ET,2003,23
FI,2003,3880
FJ,2003,34
FK,2003,14
FM,2003,9
FO,2003,29
FR,2003,11492
FX,2003,1897
GA,2003,11
GB,2003,12921
GD,2003,13
GE,2003,25
GF,2003,18
GH,2003,19
GI,2003,23
GL,2003,24
GM,2003,13
GN,2003,4
GP,2003,20
GQ,2003,7
GR,2003,274
GT,2003,33
GU,2003,15
GW,2003,8
GY,2003,5
HK,2003,692
HM,2003,45
HN,2003,11
HR,2003,239
HT,2003,22
HU,2003,1135
ID,2003,30
IE,2003,373
IL,2003,523
IN,2003,56
IO,2003,17
IQ,2003,94
IR,2003,38
IS,2003,596
IT,2003,1290
JM,2003,238
JO,2003,14
JP,2003,1263
KE,2003,12
KG,2003,18
KH,2003,46
KI,2003,5
KM,2003,4
KN,2003,9
KR,2003,1178
KW,2003,24
KY,2003,24
KZ,2003,160
LA,2003,29
LB,2003,24
LC,2003,14
LI,2003,16
LK,2003,16
LR,2003,5
LS,2003,5
LT,2003,170
LU,2003,78
LV,2003,66
LY,2003,23
MA,2003,63
MC,2003,23
MD,2003,29
MG,2003,17
MH,2003,8
ML,2003,6
MM,2003,4
MN,2003,29
MO,2003,30
MP,2003,9
MQ,2003,23
MR,2003,2
MS,2003,3
MT,2003,31
MU,2003,10
MV,2003,7
MW,2003,1
MX,2003,378
MY,2003,112
MZ,2003,15
NA,2003,8
NC,2003,11
NE,2003,45
NF,2003,6
NG,2003,29
NI,2003,7
NL,2003,3920
NO,2003,3857
NP,2003,14
NR,2003,8
NU,2003,8
NZ,2003,926
OM,2003,12
PA,2003,66
PE,2003,97
PF,2003,17
PG,2003,10
PH,2003,124
PK,2003,30
PL,2003,3097
PM,2003,7
PN,2003,11
PR,2003,99
PT,2003,1517
PW,2003,4
PY,2003,8
QA,2003,22
RE,2003,37
RO,2003,229
RU,2003,3063
RW,2003,9
SA,2003,26
SB,2003,12
SC,2003,18
SD,2003,9
SE,2003,13510
SG,2003,1218
SH,2003,6
SI,2003,202
SJ,2003,9
SK,2003,537
SL,2003,8
SM,2003,2
SN,2003,8
SO,2003,31
SR,2003,7
ST,2003,2
SV,2003,43
SY,2003,19
SZ,2003,9
TC,2003,4
TD,2003,13
TF,2003,16
TG,2003,18
TH,2003,94
TJ,2003,18
TK,2003,9
TM,2003,6
TN,2003,48
TO,2003,9
TP,2003,7
TR,2003,294
TT,2003,27
TV,2003,11
TW,2003,1093
TZ,2003,9
UA,2003,944
UG,2003,27
UM,2003,454
US,2003,66200
UY,2003,17
UZ,2003,44
VA,2003,108
VC,2003,17
VE,2003,221
VG,2003,17
VI,2003,95
VN,2003,139
VU,2003,14
WF,2003,17
WS,2003,6
YE,2003,13
YT,2003,4
YU,2003,152
ZA,2003,234
ZM,2003,8
ZR,2003,4
ZW,2003,122
AD,2004,112
AE,2004,202
AF,2004,802
AG,2004,65
AI,2004,44
AL,2004,260
AM,2004,106
AN,2004,34
AO,2004,88
AQ,2004,360
AR,2004,375
AS,2004,101
AT,2004,4721
AU,2004,17449
AW,2004,64
AZ,2004,161
BA,2004,416
BB,2004,113
BD,2004,110
BE,2004,8800
BF,2004,54
BG,2004,169
BH,2004,74
BI,2004,25
BJ,2004,72
BM,2004,188
BN,2004,38
BO,2004,125
BR,2004,8981
BS,2004,102
BT,2004,136
BV,2004,36
BW,2004,78
BY,2004,512
BZ,2004,89
CA,2004,27783
CC,2004,47
CF,2004,11
CG,2004,60
CH,2004,4274
CI,2004,21
CK,2004,27
CL,2004,858
CM,2004,30
CN,2004,1362
CO,2004,225
CR,2004,79
CU,2004,122
CV,2004,16
CX,2004,161
CY,2004,117
CZ,2004,1847
DE,2004,60496
DJ,2004,78
DK,2004,11089
DM,2004,11
DO,2004,77
DZ,2004,241
EC,2004,40
EE,2004,679
EG,2004,60
EH,2004,37
ER,2004,11
ES,2004,10149
ET,2004,50
FI,2004,7661
FJ,2004,77
FK,2004,23
FM,2004,18
FO,2004,97
FR,2004,34310
FX,2004,5471
GA,2004,24
GB,2004,44639
GD,2004,31
GE,2004,47
GF,2004,50
GH,2004,47
GI,2004,52
GL,2004,67
GM,2004,16
GN,2004,13
GP,2004,58
GQ,2004,14
GR,2004,993
GT,2004,71
GU,2004,49
GW,2004,10
GY,2004,20
HK,2004,1330
HM,2004,92
HN,2004,38
HR,2004,500
HT,2004,50
HU,2004,2478
ID,2004,72
IE,2004,1897
IL,2004,1365
IN,2004,283
IO,2004,38
IQ,2004,160
IR,2004,78
IS,2004,789
IT,2004,4606
JM,2004,411
JO,2004,23
JP,2004,3526
KE,2004,28
KG,2004,49
KH,2004,92
KI,2004,11
KM,2004,16
KN,2004,21
KR,2004,5768
KW,2004,90
KY,2004,56
KZ,2004,425
LA,2004,62
LB,2004,61
LC,2004,19
LI,2004,57
LK,2004,35
LR,2004,7
LS,2004,10
LT,2004,687
LU,2004,321
LV,2004,197
LY,2004,34
MA,2004,187
MC,2004,59
MD,2004,82
MG,2004,43
MH,2004,16
ML,2004,7
MM,2004,11
MN,2004,70
MO,2004,112
MP,2004,10
MQ,2004,42
MR,2004,3
MS,2004,6
MT,2004,91
MU,2004,24
MV,2004,18
MW,2004,10
MX,2004,810
MY,2004,362
MZ,2004,17
NA,2004,23
NC,2004,79
NE,2004,93
NF,2004,14
NG,2004,38
NI,2004,33
NL,2004,9232
NO,2004,9651
NP,2004,23
NR,2004,12
NU,2004,11
NZ,2004,2657
OM,2004,31
PA,2004,97
PE,2004,117
PF,2004,69
PG,2004,19
PH,2004,299
PK,2004,91
PL,2004,8541
PM,2004,15
PN,2004,19
PR,2004,246
PT,2004,3729
PW,2004,6
PY,2004,22
QA,2004,57
RE,2004,113
RO,2004,785
RU,2004,7800
RW,2004,19
SA,2004,86
SB,2004,23
SC,2004,24
SD,2004,16
SE,2004,20731
SG,2004,2136
SH,2004,18
SI,2004,526
SJ,2004,31
SK,2004,749
SL,2004,28
SM,2004,18
SN,2004,16
SO,2004,70
SR,2004,6
ST,2004,13
SV,2004,60
SY,2004,34
SZ,2004,38
TC,2004,19
TD,2004,30
TF,2004,51
TG,2004,36
TH,2004,830
TJ,2004,46
TK,2004,19
TM,2004,33
TN,2004,135
TO,2004,33
TP,2004,14
TR,2004,963
TT,2004,60
TV,2004,27
TW,2004,4959
TZ,2004,30
UA,2004,2038
UG,2004,44
UM,2004,1103
US,2004,152057
UY,2004,41
UZ,2004,80
VA,2004,253
VC,2004,31
VE,2004,287
VG,2004,39
VI,2004,197
VN,2004,244
VU,2004,25
WF,2004,37
WS,2004,14
YE,2004,39
YT,2004,6
YU,2004,480
ZA,2004,1246
ZM,2004,18
ZR,2004,16
ZW,2004,267
AD,2005,89
AE,2005,195
AF,2005,737
AG,2005,57
AI,2005,40
AL,2005,232
AM,2005,90
AN,2005,34
AO,2005,72
AQ,2005,282
AR,2005,295
AS,2005,83
AT,2005,3652
AU,2005,11982
AW,2005,59
AZ,2005,145
BA,2005,393
BB,2005,96
BD,2005,99
BE,2005,6833
BF,2005,41
BG,2005,172
BH,2005,84
BI,2005,29
BJ,2005,55
BM,2005,142
BN,2005,44
BO,2005,123
BR,2005,8867
BS,2005,95
BT,2005,117
BV,2005,19
BW,2005,54
BY,2005,367
BZ,2005,83
CA,2005,17780
CC,2005,38
CF,2005,20
CG,2005,53
CH,2005,3160
CI,2005,28
CK,2005,23
CL,2005,867
CM,2005,26
CN,2005,1374
CO,2005,254
CR,2005,87
CU,2005,129
CV,2005,13
CX,2005,111
CY,2005,111
CZ,2005,1670
DE,2005,56505
DJ,2005,74
DK,2005,8952
DM,2005,15
DO,2005,114
DZ,2005,229
EC,2005,47
EE,2005,653
EG,2005,65
EH,2005,36
ER,2005,15
ES,2005,8061
ET,2005,49
FI,2005,6605
FJ,2005,68
FK,2005,25
FM,2005,12
FO,2005,79
FR,2005,29655
FX,2005,4571
GA,2005,25
GB,2005,25909
GD,2005,37
GE,2005,42
GF,2005,40
GH,2005,60
GI,2005,54
GL,2005,70
GM,2005,19
GN,2005,19
GP,2005,59
GQ,2005,6
GR,2005,684
GT,2005,63
GU,2005,39
GW,2005,24
GY,2005,21
HK,2005,590
HM,2005,111
HN,2005,31
HR,2005,389
HT,2005,45
HU,2005,2325
ID,2005,41
IE,2005,1292
IL,2005,1236
IN,2005,323
IO,2005,41
IQ,2005,149
IR,2005,86
IS,2005,501
IT,2005,3061
JM,2005,423
JO,2005,32
JP,2005,1994
KE,2005,27
KG,2005,44
KH,2005,90
KI,2005,17
KM,2005,10
KN,2005,15
KR,2005,2680
KW,2005,83
KY,2005,43
KZ,2005,328
LA,2005,36
LB,2005,84
LC,2005,20
LI,2005,45
LK,2005,33
LR,2005,9
LS,2005,11
LT,2005,635
LU,2005,266
LV,2005,245
LY,2005,35
MA,2005,169
MC,2005,53
MD,2005,44
MG,2005,33
MH,2005,10
ML,2005,14
MM,2005,19
MN,2005,74
MO,2005,46
MP,2005,15
MQ,2005,54
MR,2005,5
MS,2005,6
MT,2005,65
MU,2005,16
MV,2005,10
MW,2005,7
MX,2005,774
MY,2005,257
MZ,2005,19
NA,2005,22
NC,2005,61
NE,2005,75
NF,2005,10
NG,2005,27
NI,2005,19
NL,2005,6308
NO,2005,7441
NP,2005,16
NR,2005,11
NU,2005,14
NZ,2005,1697
OM,2005,30
PA,2005,76
PE,2005,112
PF,2005,55
PG,2005,18
PH,2005,239
PK,2005,72
PL,2005,7434
PM,2005,11
PN,2005,22
PR,2005,171
PT,2005,3683
PW,2005,13
PY,2005,8
QA,2005,67
RE,2005,91
RO,2005,751
RU,2005,8362
RW,2005,14
SA,2005,107
SB,2005,11
SC,2005,25
SD,2005,15
SE,2005,15781
SG,2005,1153
SH,2005,12
SI,2005,454
SJ,2005,16
SK,2005,650
SL,2005,23
SM,2005,10
SN,2005,19
SO,2005,49
SR,2005,12
ST,2005,9
SV,2005,60
SY,2005,33
SZ,2005,35
TC,2005,12
TD,2005,16
TF,2005,57
TG,2005,39
TH,2005,527
TJ,2005,38
TK,2005,13
TM,2005,24
TN,2005,126
TO,2005,21
TP,2005,23
TR,2005,985
TT,2005,54
TV,2005,22
TW,2005,2386
TZ,2005,23
UA,2005,1250
UG,2005,38
UM,2005,1020
US,2005,98104
UY,2005,45
UZ,2005,51
VA,2005,157
VC,2005,29
VE,2005,427
VG,2005,26
VI,2005,190
VN,2005,197
VU,2005,18
WF,2005,19
WS,2005,22
YE,2005,34
YT,2005,2
YU,2005,379
ZA,2005,755
ZM,2005,20
ZR,2005,14
ZW,2005,203
AD,2006,138
AE,2006,309
AF,2006,936
AG,2006,70
AI,2006,49
AL,2006,388
AM,2006,143
AN,2006,59
AO,2006,106
AQ,2006,318
AR,2006,486
AS,2006,109
AT,2006,4360
AU,2006,10315
AW,2006,77
AZ,2006,184
BA,2006,502
BB,2006,99
BD,2006,123
BE,2006,8150
BF,2006,55
BG,2006,305
BH,2006,104
BI,2006,41
BJ,2006,84
BM,2006,165
BN,2006,44
BO,2006,142
BR,2006,16370
BS,2006,117
BT,2006,163
BV,2006,37
BW,2006,63
BY,2006,749
BZ,2006,87
CA,2006,20930
CC,2006,56
CF,2006,35
CG,2006,75
CH,2006,3310
CI,2006,35
CK,2006,31
CL,2006,1055
CM,2006,41
CN,2006,1229
CO,2006,307
CR,2006,73
CU,2006,178
CV,2006,27
CX,2006,174
CY,2006,150
CZ,2006,3194
DE,2006,71271
DJ,2006,98
DK,2006,12265
DM,2006,17
DO,2006,108
DZ,2006,348
EC,2006,101
EE,2006,1165
EG,2006,96
EH,2006,49
ER,2006,14
ES,2006,12217
ET,2006,59
FI,2006,9219
FJ,2006,81
FK,2006,30
FM,2006,16
FO,2006,118
FR,2006,40270
FX,2006,5955
GA,2006,40
GB,2006,23369
GD,2006,40
GE,2006,79
GF,2006,72
GH,2006,87
GI,2006,67
GL,2006,95
GM,2006,39
GN,2006,32
GP,2006,88
GQ,2006,17
GR,2006,1171
GT,2006,94
GU,2006,51
GW,2006,28
GY,2006,18
HK,2006,500
HM,2006,108
HN,2006,55
HR,2006,471
HT,2006,55
HU,2006,3122
ID,2006,56
IE,2006,1265
IL,2006,1618
IN,2006,689
IO,2006,48
IQ,2006,232
IR,2006,102
IS,2006,705
IT,2006,2927
JM,2006,535
JO,2006,26
JP,2006,2538
KE,2006,45
KG,2006,78
KH,2006,97
KI,2006,23
KM,2006,13
KN,2006,17
KR,2006,2416
KW,2006,111
KY,2006,42
KZ,2006,651
LA,2006,53
LB,2006,133
LC,2006,33
LI,2006,34
LK,2006,61
LR,2006,7
LS,2006,6
LT,2006,1001
LU,2006,362
LV,2006,537
LY,2006,44
MA,2006,222
MC,2006,67
MD,2006,83
MG,2006,58
MH,2006,13
ML,2006,12
MM,2006,12
MN,2006,97
MO,2006,46
MP,2006,23
MQ,2006,47
MR,2006,11
MS,2006,9
MT,2006,181
MU,2006,15
MV,2006,17
MW,2006,6
MX,2006,716
MY,2006,247
MZ,2006,26
NA,2006,28
NC,2006,91
NE,2006,128
NF,2006,29
NG,2006,55
NI,2006,33
NL,2006,7186
NO,2006,9970
NP,2006,29
NR,2006,18
NU,2006,16
NZ,2006,1457
OM,2006,45
PA,2006,72
PE,2006,238
PF,2006,46
PG,2006,33
PH,2006,307
PK,2006,102
PL,2006,11902
PM,2006,15
PN,2006,16
PR,2006,183
PT,2006,6090
PW,2006,14
PY,2006,23
QA,2006,87
RE,2006,125
RO,2006,3949
RU,2006,29312
RW,2006,53
SA,2006,248
SB,2006,16
SC,2006,26
SD,2006,16
SE,2006,19789
SG,2006,845
SH,2006,13
SI,2006,640
SJ,2006,19
SK,2006,1092
SL,2006,25
SM,2006,26
SN,2006,32
SO,2006,69
SR,2006,14
ST,2006,26
SV,2006,88
SY,2006,50
SZ,2006,49
TC,2006,13
TD,2006,31
TF,2006,77
TG,2006,49
TH,2006,557
TJ,2006,39
TK,2006,12
TM,2006,31
TN,2006,165
TO,2006,12
TP,2006,25
TR,2006,1505
TT,2006,67
TV,2006,20
TW,2006,2170
TZ,2006,31
UA,2006,2164
UG,2006,57
UM,2006,1460
US,2006,100842
UY,2006,63
UZ,2006,94
VA,2006,181
VC,2006,33
VE,2006,660
VG,2006,52
VI,2006,261
VN,2006,257
VU,2006,31
WF,2006,32
WS,2006,39
YE,2006,32
YT,2006,13
YU,2006,508
ZA,2006,1029
ZM,2006,30
ZR,2006,20
ZW,2006,303
AD,2007,249
AE,2007,816
AF,2007,1640
AG,2007,147
AI,2007,93
AL,2007,750
AM,2007,218
AN,2007,88
AO,2007,194
AQ,2007,565
AR,2007,2527
AS,2007,250
AT,2007,7217
AU,2007,25426
AW,2007,155
AZ,2007,363
BA,2007,1008
BB,2007,225
BD,2007,300
BE,2007,12805
BF,2007,125
BG,2007,1136
BH,2007,257
BI,2007,58
BJ,2007,177
BM,2007,409
BN,2007,142
BO,2007,330
BR,2007,40909
BS,2007,248
BT,2007,320
BV,2007,73
BW,2007,125
BY,2007,1287
BZ,2007,214
CA,2007,36174
CC,2007,94
CF,2007,57
CG,2007,130
CH,2007,5651
CI,2007,69
CK,2007,56
CL,2007,4124
CM,2007,74
CN,2007,3648
CO,2007,811
CR,2007,313
CU,2007,295
CV,2007,66
CX,2007,291
CY,2007,414
CZ,2007,6307
DE,2007,97815
DJ,2007,153
DK,2007,18936
DM,2007,46
DO,2007,319
DZ,2007,854
EC,2007,204
EE,2007,2388
EG,2007,312
EH,2007,59
ER,2007,43
ES,2007,24269
ET,2007,115
FI,2007,13975
FJ,2007,151
FK,2007,46
FM,2007,39
FO,2007,213
FR,2007,74699
FX,2007,10766
GA,2007,71
GB,2007,43674
GD,2007,70
GE,2007,196
GF,2007,159
GH,2007,113
GI,2007,101
GL,2007,172
GM,2007,52
GN,2007,46
GP,2007,161
GQ,2007,28
GR,2007,2865
GT,2007,291
GU,2007,97
GW,2007,48
GY,2007,49
HK,2007,1490
HM,2007,185
HN,2007,94
HR,2007,1071
HT,2007,93
HU,2007,5468
ID,2007,265
IE,2007,2334
IL,2007,3505
IN,2007,2033
IO,2007,135
IQ,2007,494
IR,2007,175
IS,2007,1263
IT,2007,6840
JM,2007,1044
JO,2007,120
JP,2007,6255
KE,2007,70
KG,2007,127
KH,2007,177
KI,2007,32
KM,2007,51
KN,2007,49
KR,2007,7181
KW,2007,301
KY,2007,80
KZ,2007,1386
LA,2007,96
LB,2007,241
LC,2007,104
LI,2007,64
LK,2007,122
LR,2007,22
LS,2007,19
LT,2007,2525
LU,2007,631
LV,2007,1601
LY,2007,86
MA,2007,638
MC,2007,110
MD,2007,229
MG,2007,89
MH,2007,24
ML,2007,24
MM,2007,31
MN,2007,185
MO,2007,142
MP,2007,39
MQ,2007,84
MR,2007,16
MS,2007,11
MT,2007,234
MU,2007,50
MV,2007,53
MW,2007,20
MX,2007,1736
MY,2007,1500
MZ,2007,45
NA,2007,50
NC,2007,126
NE,2007,197
NF,2007,44
NG,2007,92
NI,2007,49
NL,2007,12014
NO,2007,18616
NP,2007,53
NR,2007,37
NU,2007,25
NZ,2007,3743
OM,2007,100
PA,2007,233
PE,2007,810
PF,2007,159
PG,2007,45
PH,2007,965
PK,2007,343
PL,2007,30255
PM,2007,35
PN,2007,32
PR,2007,424
PT,2007,14886
PW,2007,21
PY,2007,82
QA,2007,253
RE,2007,292
RO,2007,13563
RU,2007,56134
RW,2007,158
SA,2007,986
SB,2007,37
SC,2007,61
SD,2007,46
SE,2007,32299
SG,2007,3003
SH,2007,38
SI,2007,1096
SJ,2007,45
SK,2007,2649
SL,2007,52
SM,2007,68
SN,2007,68
SO,2007,140
SR,2007,51
ST,2007,52
SV,2007,144
SY,2007,102
SZ,2007,81
TC,2007,17
TD,2007,51
TF,2007,134
TG,2007,80
TH,2007,1320
TJ,2007,64
TK,2007,46
TM,2007,61
TN,2007,490
TO,2007,49
TP,2007,59
TR,2007,4230
TT,2007,127
TV,2007,31
TW,2007,3008
TZ,2007,54
UA,2007,5137
UG,2007,115
UM,2007,3086
US,2007,177301
UY,2007,179
UZ,2007,178
VA,2007,342
VC,2007,67
VE,2007,3119
VG,2007,115
VI,2007,492
VN,2007,778
VU,2007,40
WF,2007,71
WS,2007,76
YE,2007,72
YT,2007,12
YU,2007,1233
ZA,2007,2131
ZM,2007,64
ZR,2007,33
ZW,2007,535
AD,2008,402
AE,2008,1402
AF,2008,2109
AG,2008,214
AI,2008,141
AL,2008,1191
AM,2008,382
AN,2008,124
AO,2008,340
AQ,2008,852
AR,2008,6849
AS,2008,349
AT,2008,8287
AU,2008,32391
AW,2008,242
AZ,2008,517
BA,2008,1666
BB,2008,370
BD,2008,426
BE,2008,14969
BF,2008,149
BG,2008,2287
BH,2008,399
BI,2008,97
BJ,2008,350
BM,2008,586
BN,2008,270
BO,2008,607
BR,2008,45639
BS,2008,379
BT,2008,461
BV,2008,108
BW,2008,188
BY,2008,2038
BZ,2008,378
CA,2008,43422
CC,2008,131
CF,2008,78
CG,2008,157
CH,2008,6010
CI,2008,133
CK,2008,74
CL,2008,10592
CM,2008,74
CN,2008,9993
CO,2008,1605
CR,2008,422
CU,2008,381
CV,2008,85
CX,2008,449
CY,2008,697
CZ,2008,7853
DE,2008,103162
DJ,2008,259
DK,2008,26461
DM,2008,56
DO,2008,451
DZ,2008,1887
EC,2008,344
EE,2008,3173
EG,2008,702
EH,2008,53
ER,2008,45
ES,2008,28796
ET,2008,149
FI,2008,14779
FJ,2008,193
FK,2008,83
FM,2008,48
FO,2008,411
FR,2008,90763
FX,2008,12649
GA,2008,78
GB,2008,64115
GD,2008,71
GE,2008,318
GF,2008,222
GH,2008,116
GI,2008,97
GL,2008,180
GM,2008,70
GN,2008,31
GP,2008,175
GQ,2008,30
GR,2008,4590
GT,2008,389
GU,2008,94
GW,2008,40
GY,2008,46
HK,2008,4076
HM,2008,208
HN,2008,162
HR,2008,2058
HT,2008,112
HU,2008,7598
ID,2008,842
IE,2008,3193
IL,2008,4831
IN,2008,4500
IO,2008,247
IQ,2008,554
IR,2008,360
IS,2008,1410
IT,2008,10119
JM,2008,1211
JO,2008,211
JP,2008,12409
KE,2008,121
KG,2008,130
KH,2008,235
KI,2008,43
KM,2008,58
KN,2008,46
KR,2008,16258
KW,2008,533
KY,2008,90
KZ,2008,2176
LA,2008,90
LB,2008,357
LC,2008,225
LI,2008,89
LK,2008,259
LR,2008,25
LS,2008,32
LT,2008,5737
LU,2008,681
LV,2008,3342
LY,2008,112
MA,2008,1482
MC,2008,145
MD,2008,506
MG,2008,139
MH,2008,33
ML,2008,47
MM,2008,36
MN,2008,241
MO,2008,368
MP,2008,70
MQ,2008,124
MR,2008,22
MS,2008,14
MT,2008,340
MU,2008,78
MV,2008,83
MW,2008,20
MX,2008,3350
MY,2008,2757
MZ,2008,61
NA,2008,68
NC,2008,158
NE,2008,240
NF,2008,45
NG,2008,154
NI,2008,75
NL,2008,14984
NO,2008,21226
NP,2008,94
NR,2008,27
NU,2008,61
NZ,2008,4842
OM,2008,185
PA,2008,475
PE,2008,1637
PF,2008,155
PG,2008,78
PH,2008,2456
PK,2008,897
PL,2008,51156
PM,2008,35
PN,2008,68
PR,2008,643
PT,2008,22740
PW,2008,39
PY,2008,187
QA,2008,499
RE,2008,471
RO,2008,20024
RU,2008,94078
RW,2008,380
SA,2008,1701
SB,2008,52
SC,2008,86
SD,2008,69
SE,2008,34508
SG,2008,4215
SH,2008,51
SI,2008,1442
SJ,2008,51
SK,2008,3921
SL,2008,67
SM,2008,80
SN,2008,117
SO,2008,186
SR,2008,53
ST,2008,72
SV,2008,220
SY,2008,157
SZ,2008,87
TC,2008,37
TD,2008,95
TF,2008,128
TG,2008,96
TH,2008,2428
TJ,2008,111
TK,2008,40
TM,2008,79
TN,2008,809
TO,2008,46
TP,2008,71
TR,2008,6854
TT,2008,178
TV,2008,48
TW,2008,4677
TZ,2008,59
UA,2008,9965
UG,2008,137
UM,2008,4815
US,2008,218377
UY,2008,513
UZ,2008,193
VA,2008,356
VC,2008,67
VE,2008,7569
VG,2008,154
VI,2008,892
VN,2008,1097
VU,2008,52
WF,2008,74
WS,2008,100
YE,2008,83
YT,2008,18
YU,2008,2623
ZA,2008,2260
ZM,2008,103
ZR,2008,64
ZW,2008,743
AD,2009,435
AE,2009,1467
AF,2009,2685
AG,2009,283
AI,2009,210
AL,2009,1384
AM,2009,548
AN,2009,160
AO,2009,495
AQ,2009,1076
AR,2009,9558
AS,2009,516
AT,2009,11652
AU,2009,48416
AW,2009,324
AZ,2009,790
BA,2009,1948
BB,2009,428
BD,2009,420
BE,2009,18736
BF,2009,159
BG,2009,3168
BH,2009,435
BI,2009,74
BJ,2009,374
BM,2009,656
BN,2009,316
BO,2009,772
BR,2009,42677
BS,2009,404
BT,2009,520
BV,2009,98
BW,2009,202
BY,2009,4150
BZ,2009,400
CA,2009,53021
CC,2009,181
CF,2009,71
CG,2009,180
CH,2009,7601
CI,2009,128
CK,2009,92
CL,2009,11004
CM,2009,108
CN,2009,22688
CO,2009,2128
CR,2009,657
CU,2009,481
CV,2009,79
CX,2009,555
CY,2009,1174
CZ,2009,11939
DE,2009,127522
DJ,2009,290
DK,2009,32512
DM,2009,63
DO,2009,512
DZ,2009,1759
EC,2009,457
EE,2009,3122
EG,2009,1097
EH,2009,86
ER,2009,58
ES,2009,31008
ET,2009,159
FI,2009,15375
FJ,2009,240
FK,2009,92
FM,2009,53
FO,2009,434
FR,2009,91948
FX,2009,11933
GA,2009,106
GB,2009,87855
GD,2009,62
GE,2009,746
GF,2009,253
GH,2009,132
GI,2009,110
GL,2009,204
GM,2009,46
GN,2009,26
GP,2009,202
GQ,2009,48
GR,2009,7862
GT,2009,423
GU,2009,171
GW,2009,38
GY,2009,51
HK,2009,6670
HM,2009,248
HN,2009,255
HR,2009,4289
HT,2009,149
HU,2009,12949
ID,2009,1837
IE,2009,4634
IL,2009,5498
IN,2009,4674
IO,2009,198
IQ,2009,555
IR,2009,466
IS,2009,1817
IT,2009,22592
JM,2009,1291
JO,2009,336
JP,2009,18610
KE,2009,221
KG,2009,215
KH,2009,255
KI,2009,58
KM,2009,59
KN,2009,68
KR,2009,34767
KW,2009,721
KY,2009,129
KZ,2009,4847
LA,2009,107
LB,2009,356
LC,2009,301
LI,2009,109
LK,2009,481
LR,2009,27
LS,2009,24
LT,2009,6248
LU,2009,762
LV,2009,3753
LY,2009,205
MA,2009,1190
MC,2009,162
MD,2009,1037
MG,2009,140
MH,2009,26
ML,2009,45
MM,2009,34
MN,2009,297
MO,2009,517
MP,2009,75
MQ,2009,186
MR,2009,24
MS,2009,13
MT,2009,703
MU,2009,122
MV,2009,134
MW,2009,25
MX,2009,4374
MY,2009,4278
MZ,2009,68
NA,2009,146
NC,2009,220
NE,2009,312
NF,2009,72
NG,2009,180
NI,2009,111
NL,2009,31844
NO,2009,22255
NP,2009,119
NR,2009,38
NU,2009,71
NZ,2009,6754
OM,2009,189
PA,2009,469
PE,2009,2321
PF,2009,223
PG,2009,91
PH,2009,5312
PK,2009,1275
PL,2009,67382
PM,2009,37
PN,2009,101
PR,2009,1032
PT,2009,22602
PW,2009,54
PY,2009,278
QA,2009,383
RE,2009,674
RO,2009,16646
RU,2009,181013
RW,2009,732
SA,2009,1822
SB,2009,43
SC,2009,79
SD,2009,73
SE,2009,39999
SG,2009,6753
SH,2009,43
SI,2009,2582
SJ,2009,52
SK,2009,5245
SL,2009,67
SM,2009,122
SN,2009,111
SO,2009,234
SR,2009,43
ST,2009,67
SV,2009,332
SY,2009,159
SZ,2009,131
TC,2009,49
TD,2009,110
TF,2009,169
TG,2009,107
TH,2009,4108
TJ,2009,118
TK,2009,42
TM,2009,107
TN,2009,707
TO,2009,45
TP,2009,52
TR,2009,8438
TT,2009,334
TV,2009,50
TW,2009,7931
TZ,2009,68
UA,2009,22835
UG,2009,182
UM,2009,6308
US,2009,294206
UY,2009,780
UZ,2009,282
VA,2009,512
VC,2009,82
VE,2009,3624
VG,2009,162
VI,2009,1069
VN,2009,1476
VU,2009,74
WF,2009,74
WS,2009,167
YE,2009,108
YT,2009,22
YU,2009,3211
ZA,2009,4771
ZM,2009,127
ZR,2009,72
ZW,2009,912
AD,2010,489
AE,2010,1401
AF,2010,3181
AG,2010,299
AI,2010,189
AL,2010,1491
AM,2010,610
AN,2010,133
AO,2010,474
AQ,2010,1252
AR,2010,11753
AS,2010,618
AT,2010,10125
AU,2010,50619
AW,2010,424
AZ,2010,1006
BA,2010,1819
BB,2010,271
BD,2010,300
BE,2010,16345
BF,2010,113
BG,2010,3176
BH,2010,441
BI,2010,73
BJ,2010,166
BM,2010,289
BN,2010,325
BO,2010,441
BR,2010,49070
BS,2010,419
BT,2010,221
BV,2010,70
BW,2010,131
BY,2010,5841
BZ,2010,174
CA,2010,56506
CC,2010,123
CF,2010,59
CG,2010,139
CH,2010,6889
CI,2010,89
CK,2010,64
CL,2010,14122
CM,2010,96
CN,2010,15311
CO,2010,2497
CR,2010,876
CU,2010,503
CV,2010,81
CX,2010,413
CY,2010,1007
CZ,2010,12783
DE,2010,110198
DJ,2010,199
DK,2010,28067
DM,2010,51
DO,2010,604
DZ,2010,1828
EC,2010,673
EE,2010,3134
EG,2010,1180
EH,2010,77
ER,2010,45
ES,2010,30007
ET,2010,129
FI,2010,14753
FJ,2010,198
FK,2010,71
FM,2010,38
FO,2010,359
FR,2010,78642
FX,2010,8278
GA,2010,84
GB,2010,77064
GD,2010,45
GE,2010,828
GF,2010,123
GH,2010,91
GI,2010,96
GL,2010,138
GM,2010,34
GN,2010,25
GP,2010,193
GQ,2010,28
GR,2010,7422
GT,2010,446
GU,2010,130
GW,2010,29
GY,2010,46
HK,2010,2960
HM,2010,190
HN,2010,284
HR,2010,4540
HT,2010,129
HU,2010,11692
ID,2010,2207
IE,2010,4206
IL,2010,5158
IN,2010,5813
IO,2010,118
IQ,2010,531
IR,2010,596
IS,2010,1669
IT,2010,24024
JM,2010,1212
JO,2010,407
JP,2010,16990
KE,2010,132
KG,2010,186
KH,2010,165
KI,2010,35
KM,2010,45
KN,2010,51
KR,2010,16336
KW,2010,614
KY,2010,102
KZ,2010,5387
LA,2010,86
LB,2010,389
LC,2010,169
LI,2010,104
LK,2010,476
LR,2010,31
LS,2010,17
LT,2010,5842
LU,2010,701
LV,2010,4032
LY,2010,186
MA,2010,1146
MC,2010,129
MD,2010,1203
MG,2010,141
MH,2010,35
ML,2010,46
MM,2010,46
MN,2010,391
MO,2010,199
MP,2010,63
MQ,2010,187
MR,2010,15
MS,2010,27
MT,2010,585
MU,2010,138
MV,2010,103
MW,2010,33
MX,2010,6713
MY,2010,4126
MZ,2010,79
NA,2010,144
NC,2010,253
NE,2010,329
NF,2010,81
NG,2010,208
NI,2010,145
NL,2010,27159
NO,2010,17963
NP,2010,119
NR,2010,45
NU,2010,102
NZ,2010,7282
OM,2010,192
PA,2010,652
PE,2010,2302
PF,2010,163
PG,2010,80
PH,2010,3968
PK,2010,1266
PL,2010,71751
PM,2010,32
PN,2010,52
PR,2010,1075
PT,2010,19045
PW,2010,48
PY,2010,355
QA,2010,361
RE,2010,601
RO,2010,16613
RU,2010,213595
RW,2010,409
SA,2010,2116
SB,2010,34
SC,2010,72
SD,2010,76
SE,2010,32191
SG,2010,5715
SH,2010,29
SI,2010,2032
SJ,2010,48
SK,2010,5797
SL,2010,66
SM,2010,109
SN,2010,89
SO,2010,187
SR,2010,37
ST,2010,44
SV,2010,415
SY,2010,136
SZ,2010,110
TC,2010,30
TD,2010,87
TF,2010,55
TG,2010,91
TH,2010,4215
TJ,2010,110
TK,2010,36
TM,2010,70
TN,2010,960
TO,2010,47
TP,2010,56
TR,2010,10704
TT,2010,440
TV,2010,52
TW,2010,4650
TZ,2010,37
UA,2010,28536
UG,2010,171
UM,2010,5223
US,2010,321333
UY,2010,870
UZ,2010,285
VA,2010,441
VC,2010,72
VE,2010,3525
VG,2010,115
VI,2010,872
VN,2010,1656
VU,2010,51
WF,2010,75
WS,2010,88
YE,2010,126
YT,2010,25
YU,2010,3716
ZA,2010,6011
ZM,2010,160
ZR,2010,76
ZW,2010,845
AD,2011,528
AE,2011,1872
AF,2011,4012
AG,2011,362
AI,2011,256
AL,2011,1719
AM,2011,773
AN,2011,102
AO,2011,552
AQ,2011,1765
AR,2011,15010
AS,2011,819
AT,2011,8626
AU,2011,59662
AW,2011,458
AZ,2011,1164
BA,2011,2152
BB,2011,216
BD,2011,314
BE,2011,13487
BF,2011,112
BG,2011,4394
BH,2011,411
BI,2011,62
BJ,2011,57
BM,2011,150
BN,2011,354
BO,2011,359
BR,2011,67933
BS,2011,536
BT,2011,85
BV,2011,57
BW,2011,110
BY,2011,8041
BZ,2011,66
CA,2011,72023
CC,2011,118
CF,2011,51
CG,2011,149
CH,2011,5997
CI,2011,88
CK,2011,81
CL,2011,19454
CM,2011,89
CN,2011,20038
CO,2011,2940
CR,2011,1214
CU,2011,444
CV,2011,79
CX,2011,493
CY,2011,690
CZ,2011,12047
DE,2011,92546
DJ,2011,202
DK,2011,22087
DM,2011,64
DO,2011,615
DZ,2011,2056
EC,2011,960
EE,2011,3633
EG,2011,1310
EH,2011,81
ER,2011,41
ES,2011,25129
ET,2011,129
FI,2011,15178
FJ,2011,238
FK,2011,70
FM,2011,47
FO,2011,311
FR,2011,67129
FX,2011,6302
GA,2011,74
GB,2011,98286
GD,2011,49
GE,2011,1052
GF,2011,80
GH,2011,99
GI,2011,96
GL,2011,143
GM,2011,40
GN,2011,25
GP,2011,207
GQ,2011,33
GR,2011,6930
GT,2011,514
GU,2011,170
GW,2011,24
GY,2011,39
HK,2011,3623
HM,2011,235
HN,2011,335
HR,2011,4187
HT,2011,131
HU,2011,9212
ID,2011,3896
IE,2011,5983
IL,2011,5544
IN,2011,8088
IO,2011,104
IQ,2011,587
IR,2011,861
IS,2011,1602
IT,2011,23766
JM,2011,1141
JO,2011,569
JP,2011,18858
KE,2011,148
KG,2011,312
KH,2011,257
KI,2011,31
KM,2011,40
KN,2011,52
KR,2011,21616
KW,2011,641
KY,2011,103
KZ,2011,6050
LA,2011,94
LB,2011,358
LC,2011,94
LI,2011,78
LK,2011,417
LR,2011,37
LS,2011,26
LT,2011,6085
LU,2011,580
LV,2011,4544
LY,2011,171
MA,2011,972
MC,2011,138
MD,2011,1264
MG,2011,191
MH,2011,34
ML,2011,49
MM,2011,78
MN,2011,503
MO,2011,180
MP,2011,46
MQ,2011,180
MR,2011,24
MS,2011,16
MT,2011,504
MU,2011,174
MV,2011,100
MW,2011,36
MX,2011,8949
MY,2011,7547
MZ,2011,77
NA,2011,155
NC,2011,225
NE,2011,399
NF,2011,63
NG,2011,239
NI,2011,168
NL,2011,22792
NO,2011,16626
NP,2011,166
NR,2011,34
NU,2011,99
NZ,2011,8888
OM,2011,229
PA,2011,543
PE,2011,3487
PF,2011,164
PG,2011,86
PH,2011,8633
PK,2011,1396
PL,2011,53422
PM,2011,33
PN,2011,48
PR,2011,1338
PT,2011,16025
PW,2011,40
PY,2011,399
QA,2011,365
RE,2011,559
RO,2011,16815
RU,2011,190973
RW,2011,65
SA,2011,2325
SB,2011,39
SC,2011,67
SD,2011,80
SE,2011,28243
SG,2011,8836
SH,2011,34
SI,2011,1805
SJ,2011,49
SK,2011,5462
SL,2011,57
SM,2011,76
SN,2011,82
SO,2011,235
SR,2011,50
ST,2011,37
SV,2011,423
SY,2011,216
SZ,2011,105
TC,2011,31
TD,2011,91
TF,2011,47
TG,2011,83
TH,2011,7770
TJ,2011,118
TK,2011,33
TM,2011,64
TN,2011,1209
TO,2011,49
TP,2011,70
TR,2011,13792
TT,2011,486
TV,2011,65
TW,2011,4124
TZ,2011,49
UA,2011,31600
UG,2011,223
UM,2011,7545
US,2011,392501
UY,2011,1158
UZ,2011,371
VA,2011,441
VC,2011,70
VE,2011,4764
VG,2011,120
VI,2011,1239
VN,2011,2979
VU,2011,43
WF,2011,73
WS,2011,42
YE,2011,121
YT,2011,22
YU,2011,3919
ZA,2011,6434
ZM,2011,171
ZR,2011,73
ZW,2011,962
AD,2012,858
AE,2012,2362
AF,2012,6470
AG,2012,479
AI,2012,413
AL,2012,2833
AM,2012,1208
AN,2012,127
AO,2012,915
AQ,2012,2100
AR,2012,25228
AS,2012,1434
AT,2012,9433
AU,2012,58224
AW,2012,582
AZ,2012,1448
BA,2012,3138
BB,2012,309
BD,2012,654
BE,2012,12451
BF,2012,157
BG,2012,6472
BH,2012,606
BI,2012,112
BJ,2012,96
BM,2012,182
BN,2012,547
BO,2012,1124
BR,2012,128220
BS,2012,767
BT,2012,150
BV,2012,79
BW,2012,148
BY,2012,20009
BZ,2012,150
CA,2012,76838
CC,2012,183
CF,2012,75
CG,2012,202
CH,2012,6150
CI,2012,118
CK,2012,85
CL,2012,27331
CM,2012,128
CN,2012,67665
CO,2012,4578
CR,2012,1981
CU,2012,629
CV,2012,87
CX,2012,603
CY,2012,717
CZ,2012,16273
DE,2012,100016
DJ,2012,225
DK,2012,18988
DM,2012,122
DO,2012,786
DZ,2012,2806
EC,2012,2922
EE,2012,3880
EG,2012,2014
EH,2012,77
ER,2012,49
ES,2012,29627
ET,2012,187
FI,2012,15362
FJ,2012,314
FK,2012,82
FM,2012,75
FO,2012,266
FR,2012,63319
FX,2012,5861
GA,2012,120
GB,2012,97726
GD,2012,59
GE,2012,1656
GF,2012,121
GH,2012,130
GI,2012,88
GL,2012,169
GM,2012,58
GN,2012,40
GP,2012,188
GQ,2012,39
GR,2012,9420
GT,2012,811
GU,2012,219
GW,2012,36
GY,2012,83
HK,2012,5067
HM,2012,269
HN,2012,436
HR,2012,5254
HT,2012,144
HU,2012,10865
ID,2012,20329
IE,2012,5898
IL,2012,5197
IN,2012,12716
IO,2012,169
IQ,2012,929
IR,2012,1854
IS,2012,1361
IT,2012,28790
JM,2012,1398
JO,2012,1372
JP,2012,21749
KE,2012,199
KG,2012,807
KH,2012,784
KI,2012,58
KM,2012,51
KN,2012,63
KR,2012,24725
KW,2012,844
KY,2012,105
KZ,2012,12004
LA,2012,266
LB,2012,834
LC,2012,147
LI,2012,100
LK,2012,558
LR,2012,47
LS,2012,43
LT,2012,6273
LU,2012,630
LV,2012,4695
LY,2012,178
MA,2012,1198
MC,2012,218
MD,2012,1968
MG,2012,326
MH,2012,53
ML,2012,74
MM,2012,494
MN,2012,1354
MO,2012,333
MP,2012,112
MQ,2012,168
MR,2012,25
MS,2012,28
MT,2012,598
MU,2012,286
MV,2012,135
MW,2012,56
MX,2012,12646
MY,2012,30072
MZ,2012,109
NA,2012,175
NC,2012,226
NE,2012,535
NF,2012,84
NG,2012,290
NI,2012,245
NL,2012,21185
NO,2012,15794
NP,2012,395
NR,2012,46
NU,2012,108
NZ,2012,9635
OM,2012,286
PA,2012,823
PE,2012,13747
PF,2012,155
PG,2012,109
PH,2012,36219
PK,2012,2187
PL,2012,49328
PM,2012,40
PN,2012,62
PR,2012,1480
PT,2012,17045
PW,2012,65
PY,2012,650
QA,2012,452
RE,2012,585
RO,2012,20205
RU,2012,260444
RW,2012,88
SA,2012,3801
SB,2012,45
SC,2012,70
SD,2012,86
SE,2012,26091
SG,2012,17877
SH,2012,51
SI,2012,1980
SJ,2012,51
SK,2012,6546
SL,2012,87
SM,2012,130
SN,2012,96
SO,2012,293
SR,2012,78
ST,2012,41
SV,2012,544
SY,2012,440
SZ,2012,151
TC,2012,37
TD,2012,98
TF,2012,51
TG,2012,124
TH,2012,28931
TJ,2012,213
TK,2012,40
TM,2012,113
TN,2012,1304
TO,2012,70
TP,2012,84
TR,2012,24403
TT,2012,633
TV,2012,73
TW,2012,4787
TZ,2012,68
UA,2012,60183
UG,2012,291
UM,2012,9753
US,2012,405548
UY,2012,1974
UZ,2012,793
VA,2012,439
VC,2012,91
VE,2012,7930
VG,2012,234
VI,2012,1779
VN,2012,9545
VU,2012,66
WF,2012,89
WS,2012,74
YE,2012,155
YT,2012,36
YU,2012,5698
ZA,2012,7398
ZM,2012,270
ZR,2012,116
ZW,2012,1188
AD,2013,291
AE,2013,613
AF,2013,2218
AG,2013,142
AI,2013,124
AL,2013,1121
AM,2013,556
AN,2013,30
AO,2013,349
AQ,2013,515
AR,2013,7953
AS,2013,528
AT,2013,1984
AU,2013,11197
AW,2013,177
AZ,2013,542
BA,2013,966
BB,2013,92
BD,2013,216
BE,2013,2353
BF,2013,50
BG,2013,1993
BH,2013,143
BI,2013,35
BJ,2013,41
BM,2013,81
BN,2013,112
BO,2013,579
BR,2013,34536
BS,2013,240
BT,2013,85
BV,2013,35
BW,2013,58
BY,2013,8317
BZ,2013,51
CA,2013,16865
CC,2013,76
CF,2013,36
CG,2013,86
CH,2013,1202
CI,2013,44
CK,2013,30
CL,2013,6925
CM,2013,48
CN,2013,22012
CO,2013,1394
CR,2013,523
CU,2013,263
CV,2013,35
CX,2013,158
CY,2013,193
CZ,2013,4000
DE,2013,20090
DJ,2013,59
DK,2013,3533
DM,2013,50
DO,2013,195
DZ,2013,824
EC,2013,1031
EE,2013,1027
EG,2013,683
EH,2013,26
ER,2013,17
ES,2013,6231
ET,2013,61
FI,2013,3090
FJ,2013,112
FK,2013,13
FM,2013,15
FO,2013,52
FR,2013,12509
FX,2013,1055
GA,2013,49
GB,2013,20443
GD,2013,17
GE,2013,650
GF,2013,23
GH,2013,42
GI,2013,31
GL,2013,45
GM,2013,16
GN,2013,15
GP,2013,54
GQ,2013,14
GR,2013,2817
GT,2013,206
GU,2013,51
GW,2013,15
GY,2013,27
HK,2013,970
HM,2013,66
HN,2013,134
HR,2013,1323
HT,2013,61
HU,2013,2593
ID,2013,6632
IE,2013,1139
IL,2013,1084
IN,2013,3086
IO,2013,56
IQ,2013,247
IR,2013,434
IS,2013,243
IT,2013,6396
JM,2013,450
JO,2013,493
JP,2013,4618
KE,2013,52
KG,2013,507
KH,2013,180
KI,2013,20
KM,2013,21
KN,2013,24
KR,2013,7047
KW,2013,161
KY,2013,47
KZ,2013,5177
LA,2013,74
LB,2013,279
LC,2013,49
LI,2013,20
LK,2013,191
LR,2013,19
LS,2013,12
LT,2013,1529
LU,2013,137
LV,2013,1267
LY,2013,44
MA,2013,265
MC,2013,81
MD,2013,834
MG,2013,119
MH,2013,11
ML,2013,31
MM,2013,459
MN,2013,426
MO,2013,75
MP,2013,34
MQ,2013,29
MR,2013,6
MS,2013,11
MT,2013,136
MU,2013,76
MV,2013,33
MW,2013,18
MX,2013,3395
MY,2013,7427
MZ,2013,24
NA,2013,41
NC,2013,42
NE,2013,184
NF,2013,43
NG,2013,119
NI,2013,68
NL,2013,3935
NO,2013,3134
NP,2013,90
NR,2013,16
NU,2013,43
NZ,2013,1961
OM,2013,104
PA,2013,173
PE,2013,6481
PF,2013,41
PG,2013,33
PH,2013,11274
PK,2013,668
PL,2013,10135
PM,2013,18
PN,2013,15
PR,2013,313
PT,2013,3322
PW,2013,19
PY,2013,238
QA,2013,129
RE,2013,124
RO,2013,5216
RU,2013,106072
RW,2013,39
SA,2013,938
SB,2013,23
SC,2013,20
SD,2013,24
SE,2013,5264
SG,2013,3762
SH,2013,19
SI,2013,444
SJ,2013,25
SK,2013,1823
SL,2013,27
SM,2013,46
SN,2013,29
SO,2013,66
SR,2013,19
ST,2013,8
SV,2013,140
SY,2013,137
SZ,2013,34
TC,2013,6
TD,2013,45
TF,2013,19
TG,2013,38
TH,2013,6708
TJ,2013,110
TK,2013,16
TM,2013,47
TN,2013,301
TO,2013,19
TP,2013,30
TR,2013,7995
TT,2013,148
TV,2013,21
TW,2013,1209
TZ,2013,21
UA,2013,28730
UG,2013,89
UM,2013,2216
US,2013,80604
UY,2013,570
UZ,2013,312
VA,2013,149
VC,2013,26
VE,2013,2413
VG,2013,82
VI,2013,493
VN,2013,2998
VU,2013,34
WF,2013,28
WS,2013,26
YE,2013,57
YT,2013,12
YU,2013,1788
ZA,2013,1674
ZM,2013,134
ZR,2013,35
ZW,2013,442
