years,iso,obesity,individuals,homicide,deppression,n_friends
2008,AF,3.6,1.84,4955.36991439,4.41874360027,1234
2009,AF,3.8,3.55,4986.2414955,4.4141712355200005,11452
2010,AF,4,4,4936.49987292,4.41798621259,14941
2011,AF,4.2,5,5019.80314738,4.4135572742499996,16830
2012,AF,4.4,5.45454545454545,5192.77399186,4.40931411641,26297
2013,AF,4.7,5.9,5564.89896057,4.40515294648,26809
2008,AL,17,23.86,77.4766963367,2.4323469597700003,560
2009,AL,17.6,41.2,67.4844126739,2.43007619036,5259
2010,AL,18.2,45,68.4235380339,2.42881521768,5814
2011,AL,18.8,49,68.4786183633,2.43096289745,6706
2012,AL,19.3,54.6559590399494,68.4793108602,2.43378567807,11145
2013,AL,19.9,57.2,68.6654296202,2.43780432531,12578
2008,DZ,22,10.18,441.384524536,3.9090511284700002,575
2009,DZ,22.7,11.23,445.23288119,3.8940797547700003,6861
2010,DZ,23.3,12.5,447.35811991,3.8884251296400003,8776
2011,DZ,24,14,451.24103317,3.8985663674999995,10261
2012,DZ,24.7,15.2280267564417,456.793256219,3.90410120759,16526
2013,DZ,25.3,16.5,465.459329475,3.91331755464,14085
2008,AD,24,70.04,0.524485635512,4.0073416343199995,153
2009,AD,24.2,78.53,0.532860447365,4.00511262711,1629
2010,AD,24.4,81,0.536278187642,3.99879454868,1714
2011,AD,24.6,81,0.540182096947,3.9997079561699995,1608
2012,AD,24.8,86.4344246167258,0.543998964996,3.99979999229,2458
2013,AD,25,94,0.545336464871,4.000870566620001,2492
2008,AO,5.6,1.9,932.985656533,4.75373419402,121
2009,AO,5.9,2.3,958.202221748,4.74805502357,2112
2010,AO,6.2,2.8,977.709654053,4.74501620925,2076
2011,AO,6.5,3.1,989.929447827,4.73660781303,1898
2012,AO,6.8,6.5,1008.85922185,4.7338466411799995,3822
2013,AO,7.1,8.9,1026.60560993,4.73469213825,3407
2008,AG,15.5,38,4.9625751101,3.09902456219,98
2009,AG,15.9,42,5.22561873667,3.0938286296,948
2010,AG,16.2,47,4.93330716281,3.08388585898,1120
2011,AG,16.7,52,4.85198602146,3.08891177523,1420
2012,AG,17.1,58,4.79147992906,3.09369634012,2347
2013,AG,17.5,63.4,4.79209835843,3.10672052943,2001
2008,AR,24.4,28.1126234799907,2282.27650535,3.8379327417899995,3615
2009,AR,24.8,34,2325.98733812,3.8339219679400003,41348
2010,AR,25.3,45,2389.1042082,3.82938414937,71401
2011,AR,25.8,51,2455.08383268,3.83064782356,109384
2012,AR,26.3,55.8,2540.7868051,3.83297147332,268027
2013,AR,26.8,59.9,2628.34144175,3.83301298394,282371
2008,AM,16.7,6.21,134.697790586,2.97128865621,130
2009,AM,17.1,15.3,132.2639539,2.97602630178,1708
2010,AM,17.5,25,127.863640884,2.98585231234,1842
2011,AM,17.9,32,126.243851893,2.99273390005,2654
2012,AM,18.3,37.5,123.918344889,3.00996238712,5092
2013,AM,18.8,41.9,117.848137991,3.02580487154,6342
2008,AU,24.6,71.67,306.518604408,5.14345530656,25651
2009,AU,25.1,74.25,309.315895155,5.12094364996,334031
2010,AU,25.6,76,307.751190722,5.10772987353,412693
2011,AU,26.2,79.4876977139029,304.709240459,5.08352320638,539830
2012,AU,26.7,79,303.817311712,5.0565753441500005,719110
2013,AU,27.3,83.453497167,299.291083856,5.02839574283,493248
2008,AT,16.9,72.87,74.3201970165,3.5425499852199995,5358
2009,AT,17.3,73.45,74.6661542362,3.53294104992,61834
2010,AT,17.6,75.17,73.6285330907,3.5140468238299998,72430
2011,AT,18,78.7399930986888,72.3430298198,3.5118098463700003,67882
2012,AT,18.4,80.0299939169903,70.5597750345,3.5040254152499997,79064
2013,AT,18.8,80.6188,69.2034303487,3.49978296962,56525
2008,AZ,15.7,17.08,336.031882637,2.80988075651,233
2009,AZ,16.2,27.4,339.848328923,2.80840451675,2978
2010,AZ,16.6,46,350.703915423,2.8060702577,3955
2011,AZ,17.2,50,359.149627661,2.81169803044,4932
2012,AZ,17.7,54.2,377.637963439,2.82245720699,7203
2013,AZ,18.2,73.000001372,388.048529616,2.83318138367,8063
2008,BS,27.6,31.54,74.9393939572,3.1642830240600004,150
2009,BS,28.1,33.88,79.5457387752,3.1500603218200003,1787
2010,BS,28.5,43,81.462040918,3.1461978819699996,2155
2011,BS,29,65,84.8588405006,3.1473855246199998,2437
2012,BS,29.5,71.7482028146963,86.4395809702,3.1494123952999997,3743
2013,BS,30,72,88.3856505877,3.1561802858199997,3452
2008,BH,25.8,51.95,22.3523602535,4.32644581532,139
2009,BH,26.2,53,22.904791032,4.27897709451,1320
2010,BH,26.6,55,23.2613633184,4.24461149945,2097
2011,BH,27.1,76.9999665032303,23.0360539822,4.22275574021,2409
2012,BH,27.6,88,23.2285272587,4.2073888156,3181
2013,BH,28.2,90.0000397,24.1771970908,4.19596621123,2771
2008,BD,2.2,2.5,4347.68796154,4.62654148346,169
2009,BD,2.3,3.1,4365.85557119,4.62548356817,1493
2010,BD,2.5,3.7,4389.98840101,4.63171475822,1657
2011,BD,2.6,4.5,4351.28896326,4.59144156052,1528
2012,BD,2.8,5,4411.22494013,4.56768623228,4506
2013,BD,3,6.63,4381.80619947,4.534365688079999,6215
2008,BB,18.9,61.4,29.8946966255,3.2871147046799996,160
2009,BB,19.4,64.7,28.9441565037,3.2871752081000003,1701
2010,BB,19.8,65.1,28.7964411652,3.28953504334,1898
2011,BB,20.4,66.5,29.4607995812,3.29127713164,1793
2012,BB,20.9,71.2,28.7619928678,3.3004314523,2463
2013,BB,21.4,71.8,28.7396940531,3.3055503694499997,2077
2008,BY,21.6,23,966.53364272,4.50349464865,471
2009,BY,21.9,27.43,942.239958914,4.48069501149,8152
2010,BY,22.3,31.8,908.614486595,4.46157175931,17643
2011,BY,22.7,39.6488956598961,889.883475796,4.4512473541799995,32137
2012,BY,23,46.91,798.962361439,4.43675624385,89437
2013,BY,23.4,54.17,731.616589323,4.42947673789,134898
2008,BE,19.5,66,166.299120473,4.40046097489,11865
2009,BE,19.8,70,164.589083455,4.43247265224,130909
2010,BE,20.1,75,162.747175743,4.46666653652,159415
2011,BE,20.4,81.6099959955952,164.662337454,4.46426005094,155572
2012,BE,20.7,80.7199905482042,161.907465019,4.4674316918,169307
2013,BE,21,82.1702,156.914707062,4.46420936861,103173
2008,BZ,20,26.3,62.1021048767,3.40236411764,93
2009,BZ,20.5,27.2,65.0860253692,3.39646022093,1125
2010,BZ,21,28.2,67.2103836412,3.3917813695100003,913
2011,BZ,21.5,30.7,70.2905000851,3.3902606655,740
2012,BZ,22,31,71.4398394685,3.39708471178,725
2013,BZ,22.5,33.6,72.7909634163,3.394441402,710
2008,BJ,7,1.85,248.255171577,4.1588928137900005,119
2009,BJ,7.3,2.24,260.31434594,4.16597058131,871
2010,BJ,7.6,3.13,270.524595406,4.16700651619,768
2011,BJ,7.9,4.14832306562512,280.811347461,4.16025918747,488
2012,BJ,8.2,4.5,291.067546408,4.16845988825,559
2013,BJ,8.6,4.9,299.999628246,4.15925091776,454
2008,BT,4.1,6.55,10.1082972598,3.7183369226100003,228
2009,BT,4.4,7.17,10.3435452458,3.70987273059,1917
2010,BT,4.6,13.6,10.4677441075,3.69457864703,1541
2011,BT,4.9,14.4,10.5404264643,3.6948666939,1096
2012,BT,5.2,15.6,10.5785828914,3.70063738484,1285
2013,BT,5.5,22.4,10.6921608443,3.70416543271,1112
2008,BO,16.5,12.5,605.976149195,3.52985710119,201
2009,BO,17,16.8,615.986747771,3.5220424818400002,1986
2010,BO,17.4,22.4,635.8058475,3.5180773950099997,1809
2011,BO,17.9,30,638.672815204,3.50396689715,1655
2012,BO,18.3,35.34,646.469392874,3.4946033515800003,4683
2013,BO,18.8,36.99,654.782255993,3.4857220409400003,9067
2008,BA,14.9,34.66,124.525477974,2.65002206369,938
2009,BA,15.3,37.74,123.423393439,2.62258332499,9366
2010,BA,15.6,42.75,122.52908624,2.59841342977,10577
2011,BA,16,47.77,122.270728733,2.59478737746,13274
2012,BA,16.3,52.78,115.125164068,2.5902631239900002,19909
2013,BA,16.7,57.79,109.098807438,2.58115120154,20376
2008,BW,16.2,6.25,293.092719308,4.47424630232,62
2009,BW,16.5,6.15,299.586496371,4.47091192657,738
2010,BW,16.9,6,296.731841559,4.46230563252,913
2011,BW,17.2,8,293.796650634,4.4477844914,1005
2012,BW,17.5,11.5,294.362249611,4.43320750983,1450
2013,BW,17.9,15,292.817797695,4.43135132622,1242
2008,BR,18.2,33.83,55990.1094759,4.1966225425,31397
2009,BR,18.7,39.22,57010.2316276,4.0708702746,369414
2010,BR,19.2,40.65,57534.2042047,3.9547422623599995,507887
2011,BR,19.6,45.69,58111.6682427,3.9092276064,670449
2012,BR,20.1,48.56,59156.2700586,3.8685477014700003,1220803
2013,BR,20.6,51.04,59257.5629375,3.8291088124500003,1223962
2008,BN,10.2,46,4.88047161324,2.8908492613199996,146
2009,BN,10.7,49,4.92422572542,2.88007462313,1354
2010,BN,11.1,53,4.89333896011,2.874151755,2091
2011,BN,11.6,56,4.92355380143,2.88440428082,1872
2012,BN,12.1,60.2730650423193,4.97594892243,2.89383599749,3146
2013,BN,12.6,64.5,5.0350833328,2.9030183435900003,2385
2008,BG,21.6,39.67,237.214086664,2.83318641363,565
2009,BG,22,45,232.217571459,2.81646599271,9676
2010,BG,22.4,46.23,221.849718537,2.80170241531,15834
2011,BG,22.8,47.9799930506026,213.384290445,2.79845637343,23111
2012,BG,23.2,51.8999876658503,206.289181181,2.80075438368,45167
2013,BG,23.7,53.0615,199.093430879,2.79835967021,44477
2008,BF,3.5,0.92,131.540255051,4.13870227569,95
2009,BF,3.7,1.13,136.765830684,4.13466780338,906
2010,BF,4,2.4,143.938858605,4.12844390669,930
2011,BF,4.2,3,144.183640076,4.14318489751,1063
2012,BF,4.5,3.72503491597675,156.556089348,4.1548586292100005,1435
2013,BF,4.7,9.1,162.811780601,4.16878499122,1273
2008,BI,3.6,0.81,86.2740449631,4.359433125,38
2009,BI,3.8,0.9,88.6498747929,4.33002803265,371
2010,BI,4,1,93.1188021954,4.3048534083200005,366
2011,BI,4.2,1.11,97.5173386838,4.29837732637,346
2012,BI,4.4,1.21999994477793,101.600995206,4.29478534509,467
2013,BI,4.6,1.2642181112,105.052876237,4.29104795648,522
2008,KH,2.4,0.51,571.337978985,3.39531439263,178
2009,KH,2.6,0.53,583.714959074,3.3945781895700002,1834
2010,KH,2.7,1.26,595.159338559,3.3915799339999997,1826
2011,KH,2.9,3.1,605.956023919,3.39613576699,1786
2012,KH,3.1,4.94,618.39015682,3.38768552208,3570
2013,KH,3.3,6.8,627.98234374,3.39156854254,3278
2008,CM,8.3,3.4,687.488954777,4.31174828415,45
2009,CM,8.7,3.84,713.812485565,4.3153867988100005,466
2010,CM,9,4.3,741.395265064,4.3260301840699995,550
2011,CM,9.4,5,768.613153117,4.31670686065,485
2008,CA,24.9,76.7,551.029312008,3.94238559371,33602
2009,CA,25.5,80.3,551.696571801,3.9227268871400005,378380
2010,CA,26,80.3,555.339920895,3.90656006484,422979
2011,CA,26.6,83,555.392257175,3.92341775766,517996
2012,CA,27.1,83,555.665687149,3.93186776939,753117
2013,CA,27.7,85.8,553.418684001,3.9500095411600005,532003
2008,CV,8.9,14,68.9440853291,4.6743511224,52
2009,CV,9.2,21,71.9420147652,4.67627630888,386
2010,CV,9.6,30,75.7872692236,4.66917394199,510
2011,CV,9.9,32,78.6050757146,4.66014466434,620
2012,CV,10.3,34.74,79.4539178585,4.65748569265,860
2013,CV,10.7,37.5,79.5551026492,4.64717502669,825
2008,CF,5.4,1,274.348872817,4.79601600312,36
2009,CF,5.6,1.8,280.715008612,4.78627204046,433
2010,CF,5.9,2,297.314293731,4.78841949498,657
2011,CF,6.1,2.2,305.362596856,4.77921589058,513
2012,CF,6.4,3,306.665242937,4.77516760178,507
2013,CF,6.6,3.5,317.133628512,4.76624224914,558
2008,TD,4.3,1.19,315.856616978,4.63153236908,35
2009,TD,4.5,1.5,327.541111351,4.61912010833,507
2010,TD,4.7,1.7,345.743780618,4.62576324537,846
2011,TD,4.9,1.9,356.67754571,4.5946342415700006,886
2012,TD,5.1,2.10000000005453,369.217462652,4.5740249639899995,899
2013,TD,5.3,2.3,379.679800627,4.550655663,924
2008,CL,24.2,37.3,771.036150531,4.26079900424,4209
2009,CL,24.7,41.56,782.186125752,4.22843483656,62665
2010,CL,25.1,45,788.623243827,4.19738540416,113105
2011,CL,25.6,52.2496072877744,786.695574247,4.19758587972,164173
2012,CL,26.1,55.05,774.2190131,4.20427556542,292436
2013,CL,26.5,58,767.819710518,4.20598600718,265344
2008,CN,3.9,22.6,26202.3800181,3.8679337009,6786
2009,CN,4.1,28.9,24862.0783838,3.87379787557,39980
2010,CN,4.4,34.3,23439.8525312,3.8796431154500004,54306
2011,CN,4.7,38.3,22025.2836326,3.8441046532,67289
2012,CN,5,42.3001174855995,20642.6946429,3.8102215843700002,195683
2013,CN,5.2,45.8,19829.5499515,3.77605948416,234585
2008,CO,18.7,25.6,18075.0564552,2.51661478685,675
2009,CO,19.1,30,18609.6649798,2.4703033361899998,11082
2010,CO,19.5,36.5,17994.5927956,2.42578414323,15439
2011,CO,20,40.3509157546318,17299.4569674,2.41787211945,14754
2012,CO,20.4,48.98,17052.9724977,2.40865101894,26858
2013,CO,20.9,51.7,16666.6860609,2.40012292767,26658
2008,KM,5.7,3,45.546201219,3.7029861170800005,36
2009,KM,5.9,3.5,46.5321932364,3.6966637848,265
2010,KM,6.2,5.1,47.8001202739,3.6863463075399996,260
2011,KM,6.4,5.5,49.8200214408,3.6913051985000003,178
2012,KM,6.7,5.97529630842855,51.2990709963,3.69546891474,188
2013,KM,6.9,6.5,52.3951796518,3.70314728339,201
2008,CG,7.1,4.28750990276481,181.656672866,4.71237369155,120
2009,CG,7.4,4.5,183.856599614,4.69468196216,1254
2010,CG,7.7,5,182.26486032,4.68601038005,1262
2011,CG,8,5.6,179.70219005,4.65965784491,1384
2012,CG,8.3,6.10669502435836,188.975243617,4.63675096061,1833
2013,CG,8.6,6.6,192.784230938,4.61407345066,1792
2008,CR,20,32.29,333.438610955,3.11823933499,198
2009,CR,20.7,34.33,352.436081558,3.1265706144200003,2612
2010,CR,21.4,36.5,367.460615762,3.12702707643,4575
2011,CR,22.2,39.2121959961842,372.505566764,3.12457561093,7248
2012,CR,22.9,47.5,375.571724417,3.13147707277,15534
2013,CR,23.6,45.96,382.688649866,3.12326942625,13426
2008,CI,7.2,1.9,397.23007151,3.73421460674,59
2009,CI,7.6,2,407.884139883,3.73893909229,622
2010,CI,7.9,2.7,419.739975678,3.7383190562300004,797
2011,CI,8.3,2.9,437.051982049,3.7555131580100003,664
2012,CI,8.7,5,459.806760509,3.7714073490100004,940
2013,CI,9,8.4,475.738767288,3.7853007022,907
2008,HR,20.7,44.24,80.1027622571,3.12018249019,757
2009,HR,21.1,50.58,76.7387515904,3.1023485865800002,11930
2010,HR,21.6,56.55,73.8870339342,3.08437243713,21182
2011,HR,22,57.7899789891444,71.1262355644,3.08050572536,24252
2012,HR,22.5,61.9399731527956,68.8767630598,3.0830154283,40544
2013,HR,22.9,66.7476,66.0702947713,3.0869093268000003,34937
2008,CU,20.8,12.94,609.899119428,4.053702165370001,242
2009,CU,21.2,14.33,614.191600275,4.016571078939999,2464
2010,CU,21.7,15.9,619.975328444,3.9838872488900003,3477
2011,CU,22.2,16.0172907996413,623.943976851,3.9746702009,3866
2012,CU,22.6,21.2,639.704554916,3.9602638086099997,5829
2013,CU,23.1,27.93,642.535930289,3.95305567975,6177
2008,CY,19.1,42.31,17.8303639727,3.53207447352,420
2009,CY,19.4,49.81,17.836836434,3.51697678637,7887
2010,CY,19.8,52.99,17.5778181144,3.5134395712999997,10637
2011,CY,20.1,56.8598923503507,17.3326607031,3.51703517346,10788
2012,CY,20.4,60.6898684001903,16.9971625315,3.53822816817,8395
2013,CY,20.7,65.4548,17.05084713,3.5424017898000004,4866
2008,CZ,23.2,62.97,169.010275196,3.0345346653,3517
2009,CZ,23.6,64.43,165.329627575,3.02352813526,48319
2010,CZ,23.9,68.82,161.202803243,3.0132777539,77423
2011,CZ,24.2,70.49,155.522334816,3.00431186451,94705
2012,CZ,24.5,73.4300078241036,151.052320331,2.99378767961,150812
2013,CZ,24.9,74.1104,145.64906847,2.98832035601,123153
2008,DK,16.7,85.02,60.3207256984,3.4748517798500003,17060
2009,DK,17.1,86.84,57.9978662519,3.45525762915,235401
2010,DK,17.4,88.72,55.4580255579,3.43970157587,310427
2011,DK,17.8,89.8100133895232,52.9858070819,3.4357049017,314904
2012,DK,18.1,92.2600117153012,48.9526909232,3.4395875879199997,312829
2013,DK,18.5,94.6297,47.381296366,3.43736283282,184325
2008,DJ,11.2,2.26,63.4099258989,4.1252072682900005,148
2009,DJ,11.5,4,65.3686568065,4.12066797751,1853
2010,DJ,11.8,6.5,66.8905618795,4.11208591428,1848
2011,DJ,12,7,68.1731566476,4.1106399175499995,2073
2012,DJ,12.3,8.26723289204519,69.3129977311,4.11275471993,2617
2013,DJ,12.6,9.5,70.3274114717,4.11948851372,1854
2008,DM,23.4,41.16,5.89858295035,3.1758353485499997,17
2009,DM,23.9,42.02,6.3272305882,3.17148406048,195
2010,DM,24.5,47.45,6.53543385097,3.1702122745300003,264
2011,DM,25,48.6,6.81659980823,3.17885855619,348
2012,DM,25.6,49.8,6.8759218007,3.18711124337,512
2013,DM,26.2,51,7.10803053332,3.1956661624400002,724
2008,DO,21.5,20.82,1273.17525268,3.5178023389699997,292
2009,DO,22.2,27.72,1323.79857763,3.51049850335,2560
2010,DO,23,31.4,1360.84831825,3.5055900232800004,3262
2011,DO,23.8,38,1371.80685956,3.49130742047,3814
2012,DO,24.5,42.32,1400.13438652,3.47480260137,7533
2013,DO,25.3,45.9,1401.94161557,3.46330132584,5488
2008,EC,16.4,18.8,2571.37516555,3.2622359608699996,133
2009,EC,16.8,24.6,2519.50835069,3.2599341528699997,1644
2010,EC,17.2,29.03,2465.15183754,3.2639639791599997,2563
2011,EC,17.6,31.3668083587433,2393.23214404,3.26836214581,3868
2012,EC,18.1,35.1351464545516,2296.90912628,3.2662456946100002,21057
2013,EC,18.5,40.279121941,2212.7172479,3.2730360585300002,30403
2008,EG,26.7,18.01,559.565307636,3.43502381614,118
2009,EG,27.4,20,606.438525093,3.43635171144,2319
2010,EG,28,21.6,610.79089172,3.44052534174,4222
2011,EG,28.6,25.6,618.64409957,3.4564959717500003,4187
2012,EG,29.3,26.4,624.109117412,3.4670351822599996,9838
2013,EG,30,29.4,617.255756603,3.4863451763,13745
2008,SV,20,10.08,3614.37837256,3.33202106589,162
2009,SV,20.6,12.11,3685.42396593,3.32369857117,1469
2010,SV,21.1,15.9,3676.39801869,3.3204365624,3057
2011,SV,21.7,18.9,3625.12064509,3.32306035628,3399
2012,SV,22.2,20.3213877242007,3470.29250216,3.32221857521,4631
2013,SV,22.8,23.1093,3285.63317817,3.31994098708,3596
2008,GQ,5.8,1.82,26.8150299646,4.65172699586,22
2009,GQ,6,2.13,28.722692381,4.65538119381,274
2010,GQ,6.3,6,28.2582647933,4.6583604844,300
2011,GQ,6.5,11.5,27.1862297812,4.64775557932,302
2012,GQ,6.8,13.9431821913076,27.0738803677,4.655694159229999,248
2013,GQ,7.1,16.4,26.8490205878,4.6545333496,224
2008,ER,3.4,0.47,363.97709333,4.3862537744,27
2009,ER,3.5,0.54,370.922799314,4.37591927925,286
2010,ER,3.7,0.61,381.876249334,4.37640617023,338
2011,ER,3.9,0.7,388.23860728,4.37209615804,339
2012,ER,4.1,0.8,398.483859011,4.36668422401,496
2013,ER,4.3,0.9,407.549111303,4.3660335403,281
2008,EE,19.1,70.58,109.028495868,4.5061383509,1129
2009,EE,19.4,72.5,98.9322402784,4.44713925565,12504
2010,EE,19.6,74.1,86.8358628714,4.39682322168,18924
2011,EE,19.9,76.5,83.1104008594,4.36754301433,27714
2012,EE,20.1,78.3899259259259,81.0923516268,4.34002813076,43259
2013,EE,20.4,80.0043,72.3504707102,4.31297797058,34797
2008,ET,2.9,0.45,8127.6190715,4.496790122589999,92
2009,ET,3.1,0.54,8414.51421379,4.47999577575,1097
2010,ET,3.3,0.75,8699.43801954,4.46753194368,1390
2011,ET,3.4,1.1,8913.68741015,4.44930684768,1444
2012,ET,3.6,2.9,9082.34794939,4.43570074409,1887
2013,ET,3.8,4.6,9230.2680013,4.4131753283099995,1238
2008,FJ,25.4,13,42.4667535051,3.4360441666600003,132
2009,FJ,26,17,42.1255901789,3.4342739222999996,1326
2010,FJ,26.5,20,42.3413263492,3.4327181427,1691
2011,FJ,27.1,28,42.0065591336,3.4300870902100002,2070
2012,FJ,27.7,33.7423567521104,43.0325864281,3.42539399309,3058
2013,FJ,28.3,37.1,43.9144609954,3.42355073603,2419
2008,FI,19.3,83.67,115.253905464,5.38409102486,11794
2009,FI,19.6,82.49,111.169964812,5.37723942259,118001
2010,FI,20,86.89,106.625041957,5.36928524642,146886
2011,FI,20.3,88.70999491353,101.566298512,5.3340446213,168954
2012,FI,20.7,89.879997974222,96.0787371722,5.30511349824,222359
2013,FI,21.1,91.5144,91.3383835898,5.27956014818,148457
2008,FR,18.6,70.68,672.873640797,4.565780237179999,54042
2009,FR,19,71.58,667.947176269,4.6106436111899995,563005
2010,FR,19.3,77.28,658.776654241,4.63729391536,655541
2011,FR,19.7,77.8199989926706,649.304544111,4.6186176218499995,632965
2012,FR,20.1,81.44,643.29070193,4.59281894324,698733
2013,FR,20.4,81.9198,633.666496569,4.57975560545,445582
2008,GA,12.1,6.21,75.6178967642,4.67694791085,36
2009,GA,12.5,6.7,77.7739487528,4.65749441899,391
2010,GA,12.8,7.23,75.8490728563,4.64194585359,521
2011,GA,13.2,8,77.404515463,4.63156083668,545
2012,GA,13.5,8.61671448924674,78.6015593446,4.6267210488599995,714
2013,GA,13.9,9.2,79.7469586161,4.61333012741,783
2008,GM,7.3,6.88,20.8831426112,4.71674386809,34
2009,GM,7.6,7.63,21.29490694,4.68952246606,256
2010,GM,8,9.2,21.4740049254,4.67175926618,284
2011,GM,8.4,10.8703,21.838953832,4.67388027393,265
2012,GM,8.7,12.4492287209242,22.3586365773,4.68370845995,385
2013,GM,9.1,14,22.8696082193,4.69254080861,350
2008,GE,17.1,10.01,177.294988536,3.05909181761,82
2009,GE,17.6,20.07,167.510816538,3.06310813731,1288
2010,GE,18.2,26.9,166.770873352,3.06170047158,2608
2011,GE,18.7,31.52,162.016203855,3.0576877632599997,4145
2012,GE,19.3,36.94,156.088084196,3.06261112496,7608
2013,GE,19.9,43.3,159.706841338,3.0589235089,15468
2008,DE,19.2,78,759.389971332,4.17229055757,71242
2009,DE,19.5,79,745.097963488,4.16574169781,789652
2010,DE,19.9,82,733.080494337,4.16256143818,887981
2011,DE,20.3,81.26999953602,714.031038336,4.1662434588,802097
2012,DE,20.7,82.3499984738392,694.6838215,4.17165603881,922233
2013,DE,21.1,84.17,687.9262553,4.18468932687,645492
2008,GH,8,4.27,944.087202981,3.92458504692,59
2009,GH,8.4,5.44,958.711946842,3.92694997151,839
2010,GH,8.7,7.8,973.934490671,3.9200116658899997,711
2011,GH,9.1,9,988.982569746,3.9213394925,683
2012,GH,9.4,10.6,998.367974306,3.91930041964,746
2013,GH,9.8,12.3,1005.14214082,3.91527427794,776
2008,GR,21.6,38.2,127.49842916,4.6712533588800005,1600
2009,GR,22,42.4,130.852013416,4.65763609097,21862
2010,GR,22.4,44.4,132.655588013,4.6431658886200005,40118
2011,GR,22.8,51.6499951676815,133.700336346,4.6196795207,50687
2012,GR,23.2,55.0699934418411,132.440809956,4.58454990336,78643
2013,GR,23.6,59.8663,127.303782173,4.559169048399999,60063
2008,GD,17.1,23.18,7.06977953348,3.3459316090600004,43
2009,GD,17.6,24.05,7.39031669517,3.33249158044,336
2010,GD,18.1,27,7.62128096945,3.32216485789,394
2011,GD,18.6,30,7.68902287075,3.32116717769,327
2012,GD,19.1,32,7.59472730762,3.3208142570000003,504
2013,GD,19.6,35,7.64268499913,3.32129302389,424
2008,GT,16.8,8.3,5787.42377072,3.72923159148,184
2009,GT,17.3,9.3,5868.8930853,3.6959126097799997,2127
2010,GT,17.8,10.5,5835.2073761,3.66986239908,3454
2011,GT,18.4,12.3,5654.68259004,3.64211263088,3890
2012,GT,18.9,16,5512.02555572,3.6171551670400004,7401
2013,GT,19.5,19.7,5490.88059837,3.58997378233,8025
2008,GN,5.4,0.92,295.531631305,4.06429604783,18
2009,GN,5.6,0.94,308.379874563,4.063773793509999,204
2010,GN,5.9,1,323.78245031,4.06715087433,189
2011,GN,6.2,1.3,331.927405865,4.06611641605,236
2012,GN,6.4,1.49014436571885,340.871678789,4.07001611734,302
2013,GN,6.7,1.6,352.574380085,4.0667678914100005,339
2008,GW,6.6,2.35488871087933,105.236920241,4.16725345625,20
2009,GW,6.9,2.30328059172582,108.106445124,4.1764876083499995,278
2010,GW,7.2,2.45,110.609566823,4.18468749466,225
2011,GW,7.6,2.672,111.207700823,4.18165057861,174
2012,GW,7.9,2.89399062085531,111.989265247,4.18616137272,450
2013,GW,8.3,3.1,115.230652068,4.18428805294,416
2008,GY,15.8,18.2,146.117442928,5.01257818763,26
2009,GY,16.3,23.9,146.232903207,5.02048482279,193
2010,GY,16.8,29.9,148.5485587,5.02808867665,391
2011,GY,17.4,31,150.091840241,5.00291187179,377
2012,GY,17.9,33,147.593812532,4.9767321354,524
2013,GY,18.4,35,147.715100727,4.9522347597300005,337
2008,HT,16.2,7.6,661.821884109,3.5998075094199997,63
2009,HT,16.9,8.1,672.981426109,3.59872824979,846
2010,HT,17.7,8.37,692.911299693,3.5991248335800003,1132
2011,HT,18.6,9,709.143008795,3.59305623799,883
2012,HT,19.4,9.8,727.166134362,3.59668148543,1604
2013,HT,20.2,10.6,742.412908708,3.5941011459700003,1488
2008,HN,16.7,9.6,2331.41618241,3.01389095344,59
2009,HN,17.2,9.8,2449.2863869,3.01640073398,744
2010,HN,17.8,11.09,2535.97510978,3.02627637202,1926
2011,HN,18.4,15.9,2569.88730885,3.0268612850300003,2231
2012,HN,19,18.12,2607.25312688,3.02731027734,3464
2013,HN,19.5,17.8,2643.16537487,3.0258348078,3335
2008,HU,22.6,61,240.534108267,3.09703092111,2951
2009,HU,23.1,62,229.80027274,3.07901491553,46381
2010,HU,23.5,65,220.060988078,3.06221812758,86838
2011,HU,24,68.0199878861296,214.034361944,3.0558145709,91013
2012,HU,24.5,70.579998153838,208.304289065,3.06085330416,129426
2013,HU,25,72.6439,201.187125783,3.0596316048000003,102969
2008,IS,18.9,91,2.50452461585,3.59549792795,1355
2009,IS,19.2,93,2.46668291158,3.5864288250099996,14839
2010,IS,19.6,93.39,2.43114687727,3.5822819776999997,20821
2011,IS,20,94.8196868008949,2.40451024053,3.58571083635,19314
2012,IS,20.3,96.2097995545657,2.38921701601,3.5780469920899995,21746
2013,IS,20.7,96.5468,2.40085361554,3.58271487006,12941
2008,IN,2.5,4.38,48367.0759672,3.98331513771,1737
2009,IN,2.7,5.12,47771.2453447,3.91772109377,35521
2010,IN,2.8,7.5,47212.1990026,3.8547590052499996,62712
2011,IN,3,10.07,46751.0416719,3.8519381560899997,142258
2012,IN,3.1,12.5800609138955,45870.2265198,3.8500609789,230056
2013,IN,3.3,15.1,46978.1190906,3.85014045288,191083
2008,ID,4.3,7.91747938492903,4632.73766371,2.88016677244,126
2009,ID,4.6,6.92,4589.03134216,2.87356607186,3215
2010,ID,4.9,10.92,4537.35341583,2.86925724701,5242
2011,ID,5.2,12.28,4470.22257299,2.8765055554,8779
2012,ID,5.5,14.52,4470.64002798,2.88315836412,106902
2013,ID,5.8,14.94,4470.46141706,2.89151048502,154649
2008,IR,20.9,12.02,1958.86489228,5.1841076281700005,148
2009,IR,21.5,13.8,1901.02540749,5.18353527294,1728
2010,IR,22.1,15.9,1811.60481282,5.18624255163,3835
2011,IR,22.7,19,1673.08630309,5.26078439977,5643
2012,IR,23.3,22.73,1687.86872305,5.35108480826,11750
2013,IR,24,29.95,1807.87877104,5.43203065233,13817
2008,IQ,25.9,1,2459.40991585,3.9216976269600003,374
2009,IQ,26.4,1.06,2492.86027425,3.92402740361,3909
2010,IQ,26.9,2.5,2505.33110633,3.92356817676,4360
2011,IQ,27.5,5,2519.77062391,3.95697058094,4515
2012,IQ,28,7.1,2546.18308143,3.99299087573,7137
2013,IQ,28.6,9.2,2574.67512795,4.02641146968,6115
2008,IE,20.4,65.34,42.144653677,4.57607662872,2087
2009,IE,21,67.38,42.4053767993,4.56412260942,24081
2010,IE,21.6,69.85,40.5301550194,4.56263381824,27365
2011,IE,22.2,74.8899729670944,38.5756666999,4.54686962332,36117
2012,IE,22.8,76.919992540097,37.4778756092,4.52757002631,53055
2013,IE,23.4,78.2477,35.4623529099,4.51654431731,38455
2008,IL,23.6,59.39,182.097736309,4.47798257537,1755
2009,IL,23.9,63.12,178.773452006,4.45690639623,23255
2010,IL,24.2,67.5,176.527530287,4.43430149984,34500
2011,IL,24.5,68.8738779907441,175.092808447,4.38546611898,45837
2012,IL,24.8,70.8,169.279440371,4.33387435652,58310
2013,IL,25.1,70.250311945,167.13053686,4.2922256006,46565
2008,IT,17.5,44.53,581.350243781,3.83526716876,6205
2009,IT,17.8,48.83,567.904212761,3.84206816187,93818
2010,IT,18.1,53.68,548.043024333,3.86128850916,159572
2011,IT,18.3,54.3899983018814,536.200856446,3.8591211359699997,190023
2012,IT,18.7,55.829997993283,527.895627019,3.85541940665,266284
2013,IT,19,58.4593,516.767374383,3.85424720997,215762
2008,JM,20,23.6,647.080893621,3.09163902348,1134
2009,JM,20.6,24.3,689.914088344,3.08063565805,12962
2010,JM,21.1,27.67,679.693436269,3.07517758764,17050
2011,JM,21.7,37.438613414848,692.230383274,3.081449917,17784
2012,JM,22.3,33.79,686.83501849,3.08371681004,23368
2013,JM,22.9,37.1,682.954295889,3.09255867786,18918
2008,JP,3,75.4,943.477696099,3.37658373237,12245
2009,JP,3.2,78,915.580417474,3.38918934146,127528
2010,JP,3.3,78.21,892.83700931,3.40238722257,158114
2011,JP,3.5,79.0541135244739,871.900476263,3.4370228501299995,165379
2012,JP,3.6,79.4964,845.66430501,3.47222278911,200406
2013,JP,3.8,88.219428911,823.309117078,3.5088921115500002,127141
2008,JO,30.8,23,219.31293053,3.91690367989,52
2009,JO,31.4,26,223.147043784,3.8970360862899995,795
2010,JO,31.9,27.2,230.211220507,3.87104235925,1351
2011,JO,32.5,34.9,244.079702444,3.8748566379400002,1866
2012,JO,33.1,37,252.944729649,3.8800502835099997,6792
2013,JO,33.7,41.4,262.004812665,3.8798755323100003,12467
2008,KZ,17.1,11,2675.73434821,3.83146472573,719
2009,KZ,17.6,18.2,2454.2956872,3.82843158062,9386
2010,KZ,18,31.6,2279.23492623,3.82192809806,16424
2011,KZ,18.5,50.6,2152.07214053,3.81936750541,25480
2012,KZ,19,53.3156691222464,2018.00432679,3.81081976144,67880
2013,KZ,19.5,63,1894.95804049,3.8160168746100003,95121
2008,KE,4.9,8.67,2990.98998973,4.12971811955,41
2009,KE,5.1,10.04,3063.02140251,4.101681016400001,715
2010,KE,5.4,14,3152.04350005,4.07455109029,793
2011,KE,5.6,28,3263.18921516,4.0607398660000005,1084
2012,KE,5.9,32.1,3362.69614373,4.04834971756,1460
2013,KE,6.2,39,3422.24160733,4.03577536704,1347
2008,KI,40.9,7,3.36941511463,3.51883857493,20
2009,KI,41.6,8.97,3.42631973062,3.5179056929800003,310
2010,KI,42.2,9.07,3.51442916302,3.5161781651900004,357
2011,KI,42.8,10,3.56106184966,3.5076261823,261
2012,KI,43.5,10.7467976841839,3.60091467097,3.50714917325,518
2013,KI,44.1,11.5,3.66149592304,3.49704489293,546
2008,KW,33.5,42,41.3776773084,3.83792273815,185
2009,KW,34,50.8,38.5362647289,3.83456577927,3092
2010,KW,34.6,61.4,38.3046087996,3.83299007793,4863
2011,KW,35.1,65.7690706867398,36.6639126816,3.84401278785,4191
2012,KW,35.6,70.45,36.6092546158,3.8577402049400003,5979
2013,KW,36.2,75.46,36.7359499121,3.8667356079,4317
2008,KG,12.5,15.7,377.920925211,3.4217743659099997,91
2009,KG,13,16,365.213726526,3.41180566966,1075
2010,KG,13.4,16.3,358.683119958,3.3995530928399997,1206
2011,KG,13.9,17.5,349.496190814,3.3925072381000003,1469
2012,KG,14.4,19.8,339.266029382,3.38109720521,3419
2013,KG,14.9,23,329.451593345,3.3777464546899996,6479
2008,LA,3.1,3.55,40.3619364656,3.06930120209,72
2009,LA,3.3,6,41.0250574855,3.0678636359500002,730
2010,LA,3.5,7,41.0171408311,3.06840538555,695
2011,LA,3.8,9,40.7453441581,3.07742905353,657
2012,LA,4.1,10.747676189122,41.3282429644,3.08533786615,1549
2013,LA,4.4,12.5,41.7610699949,3.0937576397699997,1287
2008,LV,21.3,63.41,212.659951521,3.90569431977,1032
2009,LV,21.5,66.84,193.722599897,3.88768539856,11723
2010,LV,21.8,68.42,181.245735136,3.8646727420199998,19877
2011,LV,22.1,69.7499545592245,167.808007623,3.86226218586,29568
2012,LV,22.4,73.1199437663748,159.77926616,3.86352323213,52475
2013,LV,22.7,75.2344,155.460650991,3.8652491364299997,48798
2008,LB,27.7,22.53,134.882335482,4.13910999742,123
2009,LB,28.2,30.14,133.709314578,4.132518435480001,1872
2010,LB,28.7,43.68,135.215085191,4.12682705834,2219
2011,LB,29.2,52,143.264065531,4.1047736763,1973
2012,LB,29.7,61.249785718304,152.372937978,4.08731014166,4304
2013,LB,30.3,70.5,163.167512595,4.06952457332,6009
2008,LS,13.2,3.58,671.303041291,5.9331298938299994,18
2009,LS,13.6,3.72,673.707497879,5.95788006017,179
2010,LS,14.1,3.86,693.711946139,5.97948396631,182
2011,LS,14.5,4.2248,708.454098829,5.97556397186,183
2012,LS,14.9,4.58961762996709,726.610401458,5.97327101676,282
2013,LS,15.3,5,750.459481461,5.973022456270001,301
2008,LR,7.4,0.53,92.2463245805,4.45164893902,4
2009,LR,7.7,2,98.4958837448,4.45320300809,115
2010,LR,8,2.3,101.465099649,4.44984988008,173
2011,LR,8.3,2.5,105.611243322,4.45176145773,272
2012,LR,8.6,2.6,108.512883963,4.4519829401,486
2013,LR,8.9,3.2,111.077490073,4.4544537888499995,415
2008,LY,27.6,9,120.150995742,4.067493825090001,74
2009,LY,28.2,10.8,120.130379184,4.066764812830001,1508
2010,LY,28.8,14,119.110404075,4.071625324779999,1966
2011,LY,29.4,14,119.58737082,4.075450468470001,1444
2013,LY,30.6,16.5,116.09250822,4.09551623804,1669
2008,LT,23.8,55.22,328.250851732,4.65131747979,1602
2009,LT,24.1,59.76,285.348315623,4.633514341960001,16956
2010,LT,24.4,62.12,269.404987987,4.6122006013400005,29645
2011,LT,24.7,63.6399774002179,248.971773102,4.59493258095,38716
2012,LT,25,67.2299893276414,233.834402411,4.58972036733,71867
2013,LT,25.3,68.4529,226.659280678,4.5723605778500005,61144
2008,LU,19.2,82.23,5.65216397104,3.86647517379,582
2009,LU,19.6,87.31,5.61183920029,3.85311305001,5297
2010,LU,20,90.62,5.55788418555,3.8311151061999995,5959
2011,LU,20.4,90.0298585646936,5.57976203268,3.8272502302,5749
2012,LU,20.9,91.9499237417387,5.57703310131,3.8229483147199996,6373
2013,LU,21.3,93.7765,5.67016747951,3.82139689661,5319
2008,MG,3.5,1.65,417.280091486,4.22277076314,104
2009,MG,3.7,1.63,430.160972899,4.21923411908,1082
2010,MG,3.9,1.7,442.702961392,4.21618188566,1375
2011,MG,4.1,1.9,452.649646026,4.21665547457,1727
2012,MG,4.3,2.3,462.086116923,4.22042426673,2801
2013,MG,4.5,3,471.986407736,4.22295655986,3554
2008,MW,4,0.7,427.899864356,3.82774439576,9
2009,MW,4.2,1.07,434.606161683,3.8096442386800002,202
2010,MW,4.4,2.26,442.907923489,3.7977878253000004,222
2011,MW,4.6,3.33,443.313950614,3.80491158367,210
2012,MW,4.8,4.3506,439.083618789,3.82947989666,359
2013,MW,5,5.05,429.987780792,3.83967572894,360
2008,MY,10.9,55.8,628.819285663,3.61555382333,1292
2009,MY,11.5,55.9,626.025385566,3.61871552253,14357
2010,MY,12,56.3,626.518266779,3.6140258285800004,21308
2011,MY,12.6,61,630.361225316,3.63190363525,28752
2012,MY,13.1,65.8,632.433747279,3.66028378848,161233
2013,MY,13.7,57.05751226,628.080820407,3.68235788839,192121
2008,MV,5.2,23.2,3.17438033806,3.5586954667,42
2009,MV,5.5,24.8,3.3929056944,3.5469035805099995,705
2010,MV,5.9,26.53,3.60085386155,3.52780611681,1113
2011,MV,6.3,34,3.6641334917,3.51122941868,692
2012,MV,6.7,38.9301,3.69607387925,3.5036675504,864
2013,MV,7.2,44.1,3.69325975125,3.4968796873000003,1024
2008,ML,5.9,1.57,333.353270317,3.41082272086,11
2009,ML,6.2,1.8,346.861754488,3.40566787042,189
2010,ML,6.5,2,356.601033285,3.4091740534399997,245
2011,ML,6.8,2.2,359.027263494,3.42143314368,423
2012,ML,7.2,2.8,362.601686798,3.43705437732,684
2013,ML,7.5,3.5,371.894676066,3.44597914736,607
2008,MT,26.1,50.08,5.56962733367,3.56782757479,171
2009,MT,26.4,58.86,5.50611922021,3.54849370792,2893
2010,MT,26.8,63,5.3976448983,3.5353601858,5440
2011,MT,27.1,68.0198237885462,5.32015735866,3.5451437343900003,4389
2012,MT,27.5,68.1998742928975,5.27590470024,3.5523328367199998,6220
2013,MT,27.8,68.9138,5.16519098574,3.56449769534,3619
2008,MH,48.4,4.6,3.87626311865,3.42093330066,26
2009,MH,49,5.6,3.94549052847,3.41843829214,238
2010,MH,49.6,7,4.00456671298,3.41867796551,259
2011,MH,50.1,10,4.05828478822,3.41388413709,328
2012,MH,50.7,12.5,4.11118962547,3.4084562928899995,564
2013,MH,51.3,14,4.16363190428,3.40923186154,385
2008,MR,9.5,1.87,68.2578193335,3.48108476609,10
2009,MR,9.9,2.28,70.3467549847,3.4830809919199996,125
2010,MR,10.3,4,72.2698729436,3.47677764232,98
2011,MR,10.6,4.5,73.9523099402,3.48567667712,102
2012,MR,11,5,76.7521274431,3.5006462060300003,165
2013,MR,11.4,6.2,79.1233550092,3.51390962757,75
2008,MU,8.6,21.81,38.6974673,3.87737677047,24
2009,MU,8.8,22.51,38.698377779,3.86291369864,365
2010,MU,9.1,28.33,39.1729020974,3.8469086291899997,476
2011,MU,9.3,34.95,38.6260196657,3.83139538427,508
2012,MU,9.6,35.42,37.3144342585,3.81471776172,2315
2013,MU,9.9,40.116825135,36.239520145,3.80303712702,1812
2008,MX,24.8,21.71,17122.6011146,3.0510935211300003,1739
2009,MX,25.3,26.34,19130.5599323,3.0419725207400004,18380
2010,MX,25.8,31.05,20722.133468,3.03500073333,30790
2011,MX,26.3,37.1762954125184,21547.2827911,3.03501535206,40363
2012,MX,26.8,39.75,21650.1888635,3.03533415914,71206
2013,MX,27.3,43.46,21688.0906267,3.03734015251,61869
2008,FM,40.1,14.49,6.4278800838,3.44406079899,42
2009,FM,40.8,15.35,6.45413076838,3.44960701148,368
2010,FM,41.5,20,6.52105461418,3.4498966721000004,450
2011,FM,42.2,22.8,6.54546573568,3.44574923878,526
2012,FM,42.9,25.9744230029883,6.53546705975,3.4360135490399997,637
2013,FM,43.7,27.8,6.58488636577,3.43346188689,486
2008,MD,16.3,23.39,345.821792507,3.8376635646499997,80
2009,MD,16.6,27.5,334.652171953,3.8247837598800003,1325
2010,MD,16.9,32.3,338.0087289,3.8143066548,2671
2011,MD,17.2,38,295.644186869,3.81204871379,5225
2012,MD,17.5,43.37,291.897314823,3.8039823527,11244
2013,MD,17.8,45,276.158147821,3.80479566481,16179
2008,MN,15.5,9.8,293.049613833,3.92062026991,183
2009,MN,16.1,10,287.313081182,3.9245085190499998,1761
2010,MN,16.7,10.2,293.363192888,3.9316498737900005,2509
2011,MN,17.3,12.4999911084745,298.31678465,3.92182067771,3292
2012,MN,17.9,16.4,299.142433513,3.90607655294,7963
2013,MN,18.6,17.699984237,295.075109959,3.90223385545,10641
2008,MA,20.9,33.1,375.66305372,6.20821362878,710
2009,MA,21.5,41.3,373.642064025,6.2006696273,9201
2010,MA,22.1,52,373.853525131,6.19334077718,13433
2011,MA,22.8,46.107482597,376.613746645,6.13635267734,11336
2012,MA,23.4,55.4160531914894,379.545627565,6.0794872595000005,15303
2013,MA,24.1,56,382.182481781,6.02532197844,9599
2008,MZ,5.2,1.56,1669.36881029,4.40580090397,23
2009,MZ,5.4,2.68,1690.01871815,4.41002246366,488
2010,MZ,5.7,4.17,1716.0095783,4.41698869839,524
2011,MZ,5.9,4.3,1727.89585697,4.41829678075,760
2012,MZ,6.1,4.8491,1751.76672155,4.41748422947,872
2013,MZ,6.4,5.4,1795.07395154,4.4204813202,810
2008,MM,3.6,0.22,1212.08835249,2.49970304754,9
2009,MM,3.8,0.22,1203.50161453,2.5014100617,237
2010,MM,4,0.25,1191.00258172,2.50699485343,177
2011,MM,4.3,0.98,1184.26290108,2.52177860242,351
2012,MM,4.6,1.44,1181.25506606,2.52944619116,2753
2013,MM,4.8,1.8,1180.33708537,2.53832374428,10268
2008,NA,13,5.32900377208954,385.574608536,3.93241709576,38
2009,NA,13.5,6.5,383.385876772,3.9091953514299997,656
2010,NA,14,11.6,392.376010272,3.89028760153,1427
2011,NA,14.6,12,399.062718859,3.90514776136,1498
2012,NA,15.1,12.9414,402.082461977,3.9153503897699995,2061
2013,NA,15.6,13.9,412.628929849,3.92846528133,1991
2008,NP,2.6,1.73,612.220956295,4.155293496540001,46
2009,NP,2.7,1.97,610.728596155,4.16835629002,581
2010,NP,2.9,7.93,605.169856033,4.17798138798,743
2011,NP,3.1,9,612.445578886,4.14997647521,807
2012,NP,3.3,11.1493,618.277561437,4.11666216353,1946
2013,NP,3.5,13.3,629.971110229,4.07900648434,2201
2008,NL,16.8,87.42,172.031630939,4.33555337423,8731
2009,NL,17.3,89.63,167.800020295,4.32881823595,136426
2010,NL,17.7,90.72,163.20433357,4.3285325091199995,215864
2011,NL,18.2,91.4199957622284,160.074900721,4.32772890141,212858
2012,NL,18.6,92.859992359525,157.247809453,4.32112340282,253322
2013,NL,19.1,93.9564,152.350067887,4.31318677515,168837
2008,NZ,26.1,72.03,61.6914149809,4.8160649838800005,3581
2009,NZ,26.6,79.7,62.3947937848,4.8090702231,45366
2010,NZ,27.2,80.46,59.3876084497,4.8067763249999995,54598
2011,NZ,27.8,81.23,58.4432779438,4.7992269858,71664
2012,NZ,28.4,81.644470179502,57.0395709352,4.79559714317,108208
2013,NZ,29,82.78,55.906436249,4.78713610435,76756
2008,NI,19.4,5.3,597.074062503,3.1703682778499997,31
2009,NI,19.9,7.3,591.52605354,3.15784162224,432
2010,NI,20.4,10,580.888828096,3.15177733318,713
2011,NI,20.9,10.6,575.190966501,3.1492537681700004,1070
2012,NI,21.5,13.5,587.502847951,3.15185106833,1813
2013,NI,22,15.5,601.490707128,3.15150778043,1708
2008,NE,3.7,0.7,349.131290648,3.9625914416800003,189
2009,NE,3.9,0.76,359.41060662,3.95942998286,3109
2010,NE,4.1,0.83,369.75059313,3.95932200545,3252
2011,NE,4.3,1.3,385.2402734,3.96030983244,4226
2012,NE,4.5,1.4077,402.968052905,3.96153701081,6508
2013,NE,4.8,1.7,424.721705713,3.9634258866100005,5714
2008,NG,6,15.86,1053.89143128,4.71494041116,104
2009,NG,6.4,20,1099.07074809,4.74228230718,1171
2010,NG,6.7,24,1129.34642561,4.7635790369099995,1630
2011,NG,7,28.43,1151.14063443,4.7014958635,2289
2012,NG,7.4,32.8,1179.82949148,4.63315584646,3543
2013,NG,7.7,38,1210.34202651,4.5690386769,2738
2008,NO,19.5,90.57,41.4096329779,3.9202808018099997,24650
2009,NO,19.9,92.08,42.2514946629,3.9039381475600003,215044
2010,NO,20.4,93.39,43.0611132845,3.8819374620700002,232626
2011,NO,20.8,93.4899826515194,45.9593127468,3.9080714944599997,213164
2012,NO,21.3,94.6499780533304,42.3354760983,3.9476296935299997,234979
2013,NO,21.7,95.0534,42.0441329941,3.97528342628,141736
2008,OM,21.8,20,13.6424910653,3.76052629758,85
2009,OM,22.4,26.8,15.1413963604,3.74171402054,946
2010,OM,23.1,35.8278,16.322256945,3.72708553423,1136
2011,OM,23.7,48,18.1584583577,3.7178901999000002,1564
2012,OM,24.3,60,20.3107138566,3.70510163161,2138
2013,OM,24.9,66.45,22.7066545045,3.6994474968,2183
2008,PK,5.9,7,8624.347341,3.8021551258899997,270
2009,PK,6.2,7.5,8893.31212011,3.7586508262400002,4419
2010,PK,6.5,8,9032.63375664,3.71873168425,7096
2011,PK,6.8,9,9179.57235552,3.70997966293,7433
2012,PK,7.1,9.96,9311.61434342,3.7134200937799995,15406
2013,PK,7.5,10.9,9453.93416266,3.70560659178,18180
2008,PA,18.6,33.82,535.331437156,2.96084446044,578
2009,PA,19.1,39.08,583.460172543,2.9532617642399996,3859
2010,PA,19.6,40.1,606.352032799,2.95288671668,5142
2011,PA,20.1,42.7,636.537517049,2.95496512219,4731
2012,PA,20.6,40.3018952210488,643.087498668,2.95544887099,6940
2013,PA,21.1,44.03,640.485137631,2.96076591219,6265
2008,PG,16.9,1.15,506.872547943,3.4994416898600003,72
2009,PG,17.4,1.61,519.607815068,3.5057936902900004,546
2010,PG,17.9,1.28,533.114009882,3.50648367212,727
2011,PG,18.5,2,544.951490086,3.5000357685199996,888
2012,PG,19,3.5,554.418363144,3.4950896674600003,1448
2013,PG,19.6,5.1,561.746043615,3.49327395052,1344
2008,PY,16.2,14.27,826.991253036,3.28754799824,23
2009,PY,16.7,18.9,833.408457971,3.2883770745999996,784
2010,PY,17.2,19.8,837.665969956,3.29974440501,1431
2011,PY,17.7,24.7635158793993,845.384822757,3.30410540104,2111
2012,PY,18.2,29.34,861.389877815,3.31025856263,5604
2013,PY,18.7,36.9,880.372856635,3.314971871,6894
2008,PE,16.5,30.57,1006.50578682,2.54906676749,413
2009,PE,16.9,31.4,1038.0285583,2.5352100531,4603
2010,PE,17.3,34.77,1059.70967362,2.5305673746400004,6299
2011,PE,17.7,36.01,1065.61955907,2.53019700214,9605
2012,PE,18.1,38.2,1071.49305024,2.5348941094099997,63920
2013,PE,18.5,39.2,1061.73938534,2.535701537,172206
2008,PH,4.6,6.22,13245.7683205,2.95322392664,614
2009,PH,4.8,9,12470.1866153,2.95407455295,9392
2010,PH,5,25,13138.2906795,2.95555096377,15141
2011,PH,5.2,29,13406.0709261,2.96780652754,19463
2012,PH,5.4,36.2351,13604.7540505,2.9622332796,153004
2013,PH,5.7,37,13754.1690811,2.97147666939,209646
2008,PL,20.1,53.13,926.698495466,2.51332367925,26663
2009,PL,20.5,58.97,893.136499924,2.51193676761,360534
2010,PL,20.8,62.32,855.890041481,2.51479728339,715404
2011,PL,21.2,61.94999896898,842.301452295,2.51075606192,753390
2012,PL,21.5,62.3099972714691,821.490027307,2.5024869731,818135
2013,PL,21.9,62.8492,795.198098914,2.49977805064,545245
2008,PT,17.2,44.13,181.970557813,5.2142631680000004,12269
2009,PT,17.7,48.27,176.534215822,5.20977970946,154498
2010,PT,18.1,53.3,173.157664598,5.19358452994,196375
2011,PT,18.6,55.2499968797194,165.863216222,5.16099498368,218553
2012,PT,19,60.3399974868057,162.831359235,5.13151107695,287458
2013,PT,19.5,62.0956,159.102962753,5.0959439204,203833
2008,QA,30,44.3,17.0832389219,3.84623322319,216
2009,QA,30.5,53.1,19.1140253368,3.82305987563,2216
2010,QA,31.1,69,20.7106168986,3.80993057818,2775
2011,QA,31.8,69,21.1772684205,3.8025830538800003,3282
2012,QA,32.4,69.3,21.8123953277,3.80617490822,4122
2013,QA,33.1,85.3,22.4436479478,3.81494897026,3468
2008,RU,20.9,26.83,32519.7056212,4.0860940675199995,26267
2009,RU,21.2,29,29414.0774215,4.06386392918,411117
2010,RU,21.4,43,27980.1605974,4.03988743251,731696
2011,RU,21.7,49,26190.7928409,4.044429868,1073018
2012,RU,21.9,63.8,24700.748013,4.04527474373,1777544
2013,RU,22.2,67.97,23966.5309881,4.04938156076,2157166
2008,RW,3.8,4.5,422.43494908,4.57528048529,83
2009,RW,4,7.7,423.830943924,4.5181983623,742
2010,RW,4.2,8,431.207832828,4.46821533172,1018
2011,RW,4.5,7,438.652485938,4.46855669029,814
2012,RW,4.7,8.02385427694765,448.179498209,4.46649194962,890
2013,RW,5,9,458.773449634,4.47531506517,932
2008,LC,15.8,32,27.8614064817,3.3523467623,65
2009,LC,16.2,36,28.8989882473,3.35474972577,688
2010,LC,16.5,43.3,29.5412038639,3.3458058368,842
2011,LC,17,44,30.4039127844,3.34473004249,564
2012,LC,17.4,45.9,29.4999786546,3.3565505389099997,1149
2013,LC,18,46.2,29.345821473,3.3554103072399997,1199
2008,VC,18.8,21,19.8241130721,3.4031326000299997,80
2009,VC,19.4,31,20.2944116781,3.40554169173,673
2010,VC,20,33.7,20.7846941713,3.40643168062,850
2011,VC,20.6,36.7,21.4111007666,3.4089808792,977
2012,VC,21.2,40,21.7449702553,3.4094956925699997,1187
2013,VC,21.8,43.5,22.3541543757,3.41740984457,924
2008,WS,42.2,5.03161531623702,7.7103757579,3.35570333509,55
2009,WS,42.8,6,7.76581615822,3.3525080294600005,511
2010,WS,43.4,7,7.85134396181,3.34947649831,414
2011,WS,44.1,11,7.88402889815,3.3460259576199998,419
2012,WS,44.7,12.92249,7.92400474251,3.3462148246099996,676
2013,WS,45.4,15.3,7.98150198571,3.3439626537700002,613
2008,ST,9.2,15.48,8.20302273276,3.58873358729,27
2009,ST,9.6,16.41,8.44554966538,3.58423786024,228
2010,ST,10,18.75,8.52332907246,3.5745361043800004,390
2011,ST,10.3,20.1612,8.76494790789,3.57954011057,368
2012,ST,10.7,21.5724,9.28985774939,3.5817030471400004,476
2013,ST,11.2,23,9.38130170199,3.59056281078,410
2008,SA,30.2,36,105.282098726,3.61860390116,785
2009,SA,30.8,38,110.545700953,3.62035399084,13955
2010,SA,31.5,41,115.768699057,3.62318400733,21008
2011,SA,32.1,47.5,134.766329371,3.6273989771,22544
2012,SA,32.8,54,137.39281592,3.6351890538800005,27699
2013,SA,33.4,60.5,132.889184423,3.64446988239,24561
2008,SN,6.5,7.12,163.234419553,3.83823923111,31
2009,SN,6.8,7.5,166.394120534,3.84522428673,379
2010,SN,7.1,8,170.723705598,3.84457546143,451
2011,SN,7.3,9.8,176.252756685,3.86566183739,439
2012,SN,7.6,10.8,182.092582002,3.87806905938,531
2013,SN,7.9,13.1,188.30642005,3.8880388410699998,464
2008,SC,11,40.44,6.83442146357,3.08040078431,71
2010,SC,11.7,41,6.55793376063,3.06914500411,788
2011,SC,12,43.16400446,6.39288295474,3.0667313641600003,1041
2012,SC,12.4,47.076,6.25712201386,3.07019219936,1428
2013,SC,12.8,50.4,6.14156023938,3.07175189174,887
2008,SL,6.3,0.25,85.4426900509,4.159810712970001,43
2009,SL,6.5,0.26,88.1115894804,4.16023167803,552
2010,SL,6.8,0.58,90.8686693932,4.16792329388,606
2011,SL,7.1,0.9,90.7435539212,4.171539619290001,754
2012,SL,7.4,1.3,95.1284507922,4.17315815955,1027
2013,SL,7.7,1.7,97.2423036236,4.17400161067,1018
2008,SG,5.2,69,22.0225319665,3.7743227311700003,3934
2009,SG,5.3,69,21.5667736915,3.75355985934,40533
2010,SG,5.4,71,20.6962022764,3.73109721477,42699
2011,SG,5.5,71,20.304366473,3.72467895521,52665
2012,SG,5.6,72,19.4197823687,3.7196310772200003,143948
2013,SG,5.7,80.90205685,18.930915639,3.7197056113399998,126368
2008,SK,17.8,66.05,176.124844454,2.7039089349300003,1456
2009,SK,18.1,70,167.47569939,2.6938545542,20881
2010,SK,18.4,75.71,159.632536691,2.68698666582,36553
2011,SK,18.8,74.4399971746757,154.656175058,2.68046649924,49522
2012,SK,19.1,76.7099901181121,148.749424934,2.67324181306,76597
2013,SK,19.4,77.8826,143.526217327,2.66740265162,64863
2008,SI,17.5,58,28.070651877,3.3780688681499997,882
2009,SI,17.8,64,26.6629741185,3.34405277879,10076
2010,SI,18.1,70,25.3750365352,3.30253944497,15031
2011,SI,18.4,67.3399948092396,25.085120755,3.28424290933,13737
2012,SI,18.8,68.3499745287825,24.4460559292,3.2650135280500003,18865
2013,SI,19.1,72.6756,24.3670053906,3.25130398201,13848
2008,SB,17.6,3,30.9187640977,3.4538703989400004,38
2009,SB,18.1,4,31.8317747791,3.45243260312,311
2010,SB,18.7,5,32.5091711667,3.4553442601400004,216
2011,SB,19.3,6,33.0204632493,3.4477149583,397
2012,SB,19.9,6.9974,33.4927440196,3.44671353279,482
2013,SB,20.6,8,34.162968327,3.4378356545499997,510
2008,SO,5.9,1.14268737216185,676.804159271,4.31526881338,129
2009,SO,6.2,1.16061054246061,693.057444066,4.309190655999999,1694
2011,SO,6.7,1.25,725.700819996,4.30363528427,2317
2012,SO,7,1.3767,760.427808271,4.30497556011,3611
2013,SO,7.3,1.5,778.271720313,4.310469514439999,2748
2008,ZA,24,8.43,21619.8758027,4.16407878827,1659
2009,ZA,24.5,10,20818.9455722,4.1484548246,26552
2010,ZA,25.1,24,20102.2948737,4.13374089204,54035
2011,ZA,25.6,33.97,19366.7528724,4.13519046496,69412
2012,ZA,26.1,41,18635.1040235,4.13905545239,110830
2013,ZA,26.7,46.5,18302.8846825,4.14254037405,110622
2008,KR,3.7,81,968.033172165,3.95172038547,6361
2009,KR,3.8,81.6,941.604956666,3.98513957193,58685
2010,KR,3.9,83.7,916.522130299,4.0204228004,74698
2011,KR,4,83.7591201534472,878.576208769,4.01356896961,104892
2012,KR,4.1,84.07,849.214226075,4.01486107521,127707
2013,KR,4.3,84.77,832.67279088,4.00817213238,118871
2008,ES,21,59.6,413.075244683,3.67728254975,17904
2009,ES,21.3,62.4,397.225877385,3.7023672723099996,207170
2010,ES,21.7,65.8,380.83792809,3.72203342427,275968
2011,ES,22,67.0899993926581,370.836045511,3.73508475486,280399
2012,ES,22.4,69.8099999420024,358.3401874,3.7428988466799997,331339
2013,ES,22.7,71.635,343.09854888,3.75335251528,206120
2008,LK,3.3,5.8,1111.65339744,3.6511349062200003,113
2009,LK,3.5,8.78,1045.67019059,3.63933847119,5413
2010,LK,3.7,12,1009.07018627,3.6303492298199997,7547
2011,LK,3.9,15,1006.53194773,3.6348626117899996,9456
2012,LK,4.1,18.2854,1000.97980185,3.63490306944,12497
2013,LK,4.4,21.9,999.671150288,3.6395743618,11883
2008,SR,22.5,21.06,46.9831334771,4.80904259971,31
2009,SR,23,31.36,48.3623372414,4.82528142236,360
2010,SR,23.5,31.59,49.3394034837,4.840124679240001,358
2011,SR,24,32,50.137174693,4.8303143115800005,389
2012,SR,24.4,34.6812,50.2222168715,4.81691286808,560
2013,SR,24.9,37.4,50.6797877053,4.80587070322,393
2008,SZ,13.4,6.85,224.504476709,4.49565175735,49
2009,SZ,13.8,8.94,229.462790013,4.5030253911199996,557
2010,SZ,14.1,11.04,233.428217868,4.51745237132,572
2011,SZ,14.5,18.13,235.794168301,4.52167505083,829
2012,SZ,14.9,20.7817825772944,239.247457119,4.5293749583,1165
2013,SZ,15.3,24.7,243.763487509,4.54025180219,1176
2008,SE,17.4,90,111.489518423,5.04453628531,36369
2009,SE,17.8,91,111.206373784,5.03144914971,356770
2010,SE,18.2,90,110.227881812,5.02279123952,424646
2011,SE,18.6,92.7699860554046,108.959554487,5.01553634262,408544
2012,SE,19,93.1799880065108,108.854834094,5.00616510343,443572
2013,SE,19.4,94.7836,109.691270994,4.99516465513,281230
2008,CH,16.5,79.2,68.9147995759,3.9981170449500003,4408
2009,CH,16.9,81.3,68.6900891641,3.97149973143,43980
2010,CH,17.3,83.9,66.2096102895,3.94826655898,50776
2011,CH,17.6,85.1930281804854,65.230129216,3.93705754415,46081
2012,CH,18,85.2,64.1078853521,3.91605751901,52738
2013,CH,18.4,86.34,64.1501567785,3.9093820016699996,37443
2008,SY,22.5,14,444.924429653,3.8151853951,63
2009,SY,23.1,17.3,456.084633065,3.80291335321,822
2010,SY,23.8,20.7,471.614766224,3.7931062640100004,1091
2011,SY,24.4,22.5,461.398570957,3.8056878480500003,1129
2012,SY,25.1,24.3001,444.400015796,3.81665206267,2488
2013,SY,25.8,26.2,425.165374084,3.83017763989,3528
2008,TJ,10.5,8.78,196.966152897,2.8430525058800002,89
2009,TJ,10.9,10.07,190.674149899,2.83517444996,1054
2010,TJ,11.3,11.55,193.563023822,2.83182616608,956
2011,TJ,11.8,13.03,191.687119331,2.83235757974,1007
2012,TJ,12.2,14.51,202.327732522,2.8295506869600002,1469
2013,TJ,12.7,16,212.547900759,2.83392038259,1595
2008,TZ,5.7,1.9,3440.62542296,4.1733079926,53
2009,TZ,6,2.4,3542.91045545,4.165589187959999,630
2010,TZ,6.3,2.9,3656.0520708,4.15798928629,733
2011,TZ,6.6,3.2,3771.33274032,4.15749616775,783
2012,TZ,6.9,3.95,3920.21581446,4.16458740729,865
2013,TZ,7.3,4.4,4064.16820456,4.16358627037,554
2008,TH,6.1,18.2,5157.10603882,3.41888348285,1351
2009,TH,6.5,20.1,4901.8870584,3.4179807357199996,12515
2010,TH,7,22.4,4739.53081488,3.4138870401999997,21368
2011,TH,7.4,23.669925618731,4746.03037085,3.41064505701,26788
2012,TH,7.9,26.46,4739.95082793,3.40564362385,122515
2013,TH,8.4,28.94,4707.27235006,3.3956254943600004,112003
2008,TG,6,2.4,207.000289437,4.18394430577,69
2009,TG,6.3,2.6,213.376563062,4.18758790013,877
2010,TG,6.5,3,221.315314398,4.1857061197,982
2011,TG,6.8,3.5,227.962754702,4.19649894943,991
2012,TG,7.1,4,234.833253966,4.19019725993,1416
2013,TG,7.4,4.5,242.106165604,4.1905383647,1147
2008,TO,42.7,8.11076994380395,2.89396015263,3.19955116044,54
2009,TO,43.4,10,2.92167443646,3.2027398430100003,421
2010,TO,44.1,16,2.98069117423,3.1998588971399995,519
2011,TO,44.7,25,3.0074438248,3.20040901786,430
2012,TO,45.4,33,3.01837465945,3.20130567048,667
2013,TO,46.1,35,3.03920082495,3.19724098674,589
2008,TT,14.3,34.8,332.818965182,3.93285987417,89
2009,TT,14.8,44.3,338.049403505,3.92887317429,1464
2010,TT,15.3,48.5,339.084836514,3.9304624941400004,2842
2011,TT,15.8,55.2,326.977100169,3.92751071103,2417
2012,TT,16.3,59.5162,313.584597371,3.9243695266699996,5640
2013,TT,16.9,63.8,303.961330033,3.9266954117900004,4461
2008,TN,22.3,27.53,108.889430553,4.23892120944,537
2009,TN,22.9,34.07,109.267434198,4.23158952403,4896
2010,TN,23.4,36.8,109.621779381,4.23138014756,6719
2011,TN,24,39.1,110.058337516,4.2234948032,5597
2012,TN,24.6,41.4416,109.887100425,4.2218285702900005,9019
2013,TN,25.1,43.8,109.719023554,4.218280684060001,7891
2008,TR,26.9,34.37,1575.65920806,4.022122523269999,2231
2009,TR,27.6,36.4,1630.60309078,3.9934669565,28673
2010,TR,28.2,39.82,1556.45216471,3.9729779225599997,47718
2011,TR,28.9,43.065710430925,1549.72174193,3.9632824301,78097
2012,TR,29.5,45.13,1538.54803548,3.94488120889,190641
2013,TR,30.2,46.25,1616.97881854,3.9321424605299997,198622
2008,TM,14.3,1.75,266.95047573,3.1503976052500002,42
2009,TM,14.8,1.95,268.538755308,3.14603859281,477
2010,TM,15.3,3,268.775433966,3.1371289392999997,722
2011,TM,15.8,5,269.480105766,3.13591713703,724
2012,TM,16.3,7.1958,269.303133662,3.13438571675,915
2013,TM,16.9,9.6,271.11833285,3.13448265861,902
2008,UG,3.5,7.9,2022.45013276,6.04053424504,85
2009,UG,3.7,9.78,2101.07170725,5.98198179149,1069
2010,UG,3.9,12.5,2150.54840302,5.9169035891399995,1397
2011,UG,4.1,13.01354333,2245.32096886,5.86199026291,1808
2012,UG,4.3,14.6896,2346.88139512,5.81750391017,3110
2013,UG,4.5,16.2,2471.7506417,5.76108438034,2343
2008,UA,21.4,11,5455.41866007,4.7182377855599995,1954
2009,UA,21.7,17.9,4587.35980174,4.66808936991,29749
2010,UA,22,23.3,4116.63122514,4.61851431198,66959
2011,UA,22.4,28.7082628400713,3818.72048719,4.60084510356,121346
2012,UA,22.7,35.27,3773.79585067,4.5862070177800005,334517
2013,UA,23,40.954128997,3789.01962634,4.56328845046,511136
2008,AE,26.3,63,94.9174475682,3.1555816573000004,647
2009,AE,27,64,109.474964558,3.1322079267900005,8976
2010,AE,27.7,68,121.662216556,3.11223184281,12642
2011,AE,28.3,78,128.518661821,3.1097158056,18120
2012,AE,29,84.9999915049492,132.109351614,3.1140688769700002,26036
2013,AE,29.7,88,133.285033305,3.11421236384,19904
2008,GB,23.1,78.39,462.164722421,4.32948000309,42484
2009,GB,23.6,83.56,449.227652341,4.33387225536,489402
2010,GB,24.2,85,439.434042525,4.34139498395,550211
2011,GB,24.8,85.3799985496322,431.967555135,4.33850741963,728047
2012,GB,25.4,87.4799984242111,422.433832358,4.33927315541,992991
2013,GB,26,89.8441,415.888741334,4.33947749218,723233
2008,US,31,74,18139.1958409,5.22395431292,175037
2009,US,31.7,71,17778.6401152,5.20345911862,2066888
2010,US,32.3,71.69,17484.3644752,5.1824140638300005,2376691
2011,US,33,69.7294607619268,17417.6236799,5.18104306554,2912096
2012,US,33.6,74.7,17428.100826,5.177750706079999,4077166
2013,US,34.3,71.4,17443.7117579,5.1785755387,2852870
2008,UY,24.1,39.3,158.051332003,3.7421584766300002,141
2009,UY,24.6,41.8,163.50460411,3.7500504390400002,2411
2010,UY,25.1,46.4,168.156756145,3.76496412197,4262
2011,UY,25.5,51.4046610563616,173.789412997,3.78140670923,5775
2012,UY,26,54.453768680746,180.86907897,3.7929851511300003,15808
2013,UY,26.5,57.69,183.886549286,3.80516489044,17529
2008,UZ,12.6,9.0801145234501,981.203546749,3.19445648995,137
2009,UZ,13,11.9,987.339594692,3.1901741069100003,1577
2010,UZ,13.5,15.9,1003.02045449,3.18468796169,2074
2011,UZ,13.9,18.6,1004.19464893,3.18174235539,2268
2012,UZ,14.4,23.6,1018.4118126,3.18244128972,3795
2013,UZ,14.9,26.8,1029.13421613,3.18063873321,4176
2008,VU,20.1,7.26911992337492,3.14653493927,3.49817568468,25
2009,VU,20.7,7.5,3.2258937826,3.4912021050199997,485
2010,VU,21.3,8,3.30581970646,3.4348496987000003,520
2011,VU,22,9.2,3.36285298237,3.43128136441,643
2012,VU,22.6,10.598,3.42013978047,3.42913019047,606
2013,VU,23.2,11.3,3.5092391439,3.4246458591,558
2008,VE,22.5,25.88,11446.3834707,3.0820870677400003,3434
2009,VE,22.9,32.7,11745.5637238,3.07890372688,29023
2010,VE,23.3,37.37,11502.2907961,3.08241283098,36154
2011,VE,23.7,40.22,11704.3785358,3.08288294386,54071
2012,VE,24,49.0500830729861,12128.1273365,3.07969338773,110114
2013,VE,24.4,54.9,12193.6470578,3.0837481681699996,122025
2008,VN,1.2,23.92,1839.15792399,3.2238167356500003,543
2009,VN,1.3,26.55,1839.9330653,3.22153848774,5632
2010,VN,1.4,30.65,1847.8885643,3.2200481069699998,7650
2011,VN,1.5,35.07,1852.52129533,3.2212050392699996,13198
2012,VN,1.6,39.49,1859.5036321,3.21859502102,51295
2013,VN,1.7,43.9,1862.65779131,3.2232686498999996,69655
2008,YE,12.4,6.89,705.756005264,4.35291331922,50
2009,YE,13,9.96,728.146948778,4.35438447416,719
2010,YE,13.5,12.35,745.316114466,4.35696824534,955
2011,YE,14.1,14.905,766.207085674,4.35000873336,1135
2012,YE,14.6,17.4465,791.018661068,4.35381305615,1322
2013,YE,15.2,20,819.604863217,4.34811672474,991
2008,ZM,5.7,5.55,1275.53966094,4.02869206346,60
2009,ZM,6,6.31,1299.68386655,4.02309864924,698
2010,ZM,6.3,10,1330.82941739,4.0153785701,782
2011,ZM,6.5,11.5,1370.25126914,4.03892114467,984
2012,ZM,6.8,13.4682,1380.94639921,4.0641628464199995,1487
2013,ZM,7.1,15.4,1405.18504536,4.08876683669,1874
2008,ZW,13.2,3.5,1361.30900572,3.5138704867599997,476
2009,ZW,13.5,4,1386.75060602,3.5162940853499998,5783
2010,ZW,13.8,6.4,1414.90011744,3.52043167604,7044
2011,ZW,14.1,8.4,1437.9053977,3.53294241611,8994
2012,ZW,14.3,12,1454.78862259,3.5435898057400004,13088
2013,ZW,14.6,15.5,1487.50857817,3.5590661058200004,13058
