CountryCode,CountryName
AF,Afghanistan
AL,Albania
DZ,Algeria
AS,American Samoa
AD,Andorra
AO,Angola
AI,Anguilla
AG,Antigua And Barbuda
AR,Argentina
AM,Armenia
AW,Aruba
AU,Australia
AT,Austria
AZ,Azerbaijan
BS,Bahamas
BH,Bahrain
BD,Bangladesh
BB,Barbados
BY,Belarus
BE,Belgium
BZ,Belize
BJ,Benin
BM,Bermuda
BT,Bhutan
BO,Bolivia
BA,Bosnia And Herzegovina
BW,Botswana
BR,Brazil
BN,Brunei
BG,Bulgaria
BF,Burkina Faso
MM,Burma
BI,Burundi
CV,Cabo Verde
KH,Cambodia
CM,Cameroon
CA,Canada
KY,Cayman Islands
CF,Central African Republic
TD,Chad
CL,Chile
CN,China
CX,Christmas Island
CO,Colombia
KM,Comoros
CG,Congo (Brazzaville)
CD,Congo (Kinshasa)
CK,Cook Islands
CR,Costa Rica
HR,Croatia
CU,Cuba
CW,Cura袯
CY,Cyprus
CZ,Czechia
DK,Denmark
DJ,Djibouti
DM,Dominica
DO,Dominican Republic
EC,Ecuador
EG,Egypt
SV,El Salvador
GQ,Equatorial Guinea
ER,Eritrea
EE,Estonia
ET,Ethiopia
FK,Falkland Islands (Islas Malvinas)
FO,Faroe Islands
FJ,Fiji
FI,Finland
FR,France
PF,French Polynesia
GA,Gabon
GM,Gambia
GE,Georgia
DE,Germany
GH,Ghana
GI,Gibraltar
GR,Greece
GL,Greenland
GD,Grenada
GU,Guam
GT,Guatemala
GG,Guernsey
GN,Guinea
GW,Guinea-Bissau
GY,Guyana
HT,Haiti
HN,Honduras
HU,Hungary
IS,Iceland
IN,India
ID,Indonesia
IR,Iran
IQ,Iraq
IE,Ireland
IM,Isle Of Man
IT,Italy
JM,Jamaica
JP,Japan
JE,Jersey
JO,Jordan
KZ,Kazakhstan
KE,Kenya
KI,Kiribati
KP,Korea
KR,Korea
XK,Kosovo
KW,Kuwait
KG,Kyrgyzstan
LA,Laos
LV,Latvia
LB,Lebanon
LS,Lesotho
LR,Liberia
LY,Libya
LI,Liechtenstein
LT,Lithuania
LU,Luxembourg
MK,Macedonia
MG,Madagascar
MW,Malawi
MY,Malaysia
MV,Maldives
ML,Mali
MT,Malta
MH,Marshall Islands
MR,Mauritania
MU,Mauritius
MX,Mexico
FM,Micronesia
MD,Moldova
MC,Monaco
MN,Mongolia
ME,Montenegro
MS,Montserrat
MA,Morocco
MZ,Mozambique
NA,Namibia
NP,Nepal
NL,Netherlands
NC,New Caledonia
NZ,New Zealand
NI,Nicaragua
NE,Niger
NG,Nigeria
NU,Niue
NF,Norfolk Island
MP,Northern Mariana Islands
NO,Norway
OM,Oman
PK,Pakistan
PW,Palau
PA,Panama
PG,Papua New Guinea
PY,Paraguay
PE,Peru
PH,Philippines
PN,Pitcairn Islands
PL,Poland
PT,Portugal
QA,Qatar
RO,Romania
RU,Russia
RW,Rwanda
BL,Saint Barthelemy
SH,Saint Helena
KN,Saint Kitts And Nevis
LC,Saint Lucia
MF,Saint Martin
PM,Saint Pierre And Miquelon
VC,Saint Vincent And The Grenadines
WS,Samoa
SM,San Marino
ST,Sao Tome And Principe
SA,Saudi Arabia
SN,Senegal
RS,Serbia
SC,Seychelles
SL,Sierra Leone
SG,Singapore
SX,Sint Maarten
SK,Slovakia
SI,Slovenia
SB,Solomon Islands
SO,Somalia
ZA,South Africa
SS,South Sudan
ES,Spain
LK,Sri Lanka
SD,Sudan
SR,Suriname
XR,Svalbard
SZ,Swaziland
SE,Sweden
CH,Switzerland
SY,Syria
TW,Taiwan
TJ,Tajikistan
TZ,Tanzania
TH,Thailand
TL,Timor-Leste
TG,Togo
TO,Tonga
TT,Trinidad And Tobago
TN,Tunisia
TR,Turkey
TM,Turkmenistan
TC,Turks And Caicos Islands
TV,Tuvalu
UG,Uganda
UA,Ukraine
AE,United Arab Emirates
GB,United Kingdom
US,United States
UY,Uruguay
UZ,Uzbekistan
VU,Vanuatu
VE,Venezuela
VN,Vietnam
VG,Virgin Islands
WF,Wallis And Futuna
YE,Yemen
ZM,Zambia
ZW,Zimbabwe
