Publisher(s),Developer,Avg(Rating)
" Gato Salvaje S.L.","Gato Salvaje S.L.",78.0000
" GungHo Online Entertainment America, Inc.	","GAME ARTS Co., Ltd.",80.0000
" GungHo Online Entertainment America, Inc.	","SkyBox Labs",80.0000
"10tons Ltd","10tons Ltd",68.0000
"11 bit launchpad","11 bit studios",83.0000
"11 bit studios","11 bit studios",77.5000
"11 bit studios","Flow Combine",68.0000
17-BIT,17-BIT,77.0000
"1C Company","1C Company",68.6364
"1C Company",1C-Avalon,60.0000
"1C Company",1C-SoftClub,68.1667
"1C Company",1C:InoCo,69.0000
"1C Company",Apeiron,41.0000
"1C Company","Best Way",76.8000
"1C Company","Creat Studio",65.0000
"1C Company",Digitalmindsoft,74.0000
"1C Company","Haggard Games",71.6667
"1C Company",Ino-Co,67.0000
"1C Company","K-D Lab",74.5000
"1C Company","Katauri Interactive",81.0000
"1C Company","Lesta Studio",60.0000
"1C Company","Plastic Reality Technologies",54.0000
"1C Company","Sky Fallen",53.0000
"1C Company",SoftLab-NSK,61.0000
"1C Company","The Farm 51",63.0000
"1C Game Studios","1C Game Studios",74.0000
"1C Game Studios","777 Studios",74.0000
1C-777,"1C: Maddox Games",86.0000
1C-777,"777 Studios",77.0000
1C-SoftClub,"1C Company",68.6364
1C-SoftClub,1C-Avalon,60.0000
1C-SoftClub,"Best Way",80.0000
1C-SoftClub,"CD PROJEKT RED",87.0000
1C-SoftClub,Digitalmindsoft,77.0000
1C-SoftClub,"Elemental Games",68.0000
1C-SoftClub,"Flying Wild Hog",73.0000
1C-SoftClub,"Haggard Games",71.6667
1C-SoftClub,Ino-Co,67.0000
1C-SoftClub,"Katauri Interactive",76.6667
1C-SoftClub,"Lesta Studio",60.0000
1C-SoftClub,"Pendulo Studios",75.0000
1C-SoftClub,"Sky Fallen",53.0000
1C-SoftClub,"SNK Games",68.0000
1C-SoftClub,SoftLab-NSK,61.0000
1C-SoftClub,"The Farm 51",63.0000
"2D BOY ","2D BOY",90.0000
2K,"2K Australia",75.5000
2K,"Aspyr (Mac & Linux)",75.5000
2K,"Aspyr (Mac and Linux)",75.5000
2K,"Aspyr (Mac, Linux)",80.0000
2K,"Feral Interactive (Linux)",88.0000
2K,"Feral Interactive (Mac)",88.0000
2K,Firaxis,88.0000
2K,"Firaxis Games",74.6667
2K,"Gearbox Software",75.5000
2K,"Turtle Rock Studios",77.0000
2K,"YUKE’S Co., Ltd.",70.0000
"2K Games","2K Australia",93.3333
"2K Games","2K Boston",96.0000
"2K Games","2K China",88.0000
"2K Games","2K Czech",77.0000
"2K Games","2K Marin",77.0000
"2K Games","Aspyr (Mac & Linux)",89.0000
"2K Games","Aspyr (Mac)",85.0000
"2K Games","Aspyr (Mac, Linux)",90.0000
"2K Games","Digital Extremes",82.5000
"2K Games","Feral Interactive (Linux)",87.5000
"2K Games","Feral Interactive (Mac)",87.6667
"2K Games","Firaxis Games",86.1053
"2K Games","FireFly Studios",67.0000
"2K Games","Gearbox Software",75.5000
"2K Games","Irrational Games",87.5000
"2K Games","MicroProse Software, Inc",65.0000
"2K Games",PopTop,78.6667
"2K Games","Virtual Programming (Linux)",85.0000
"2K Games","Visual Concepts",90.0000
"2K Games",Yager,76.0000
"2K Games","Yager Development",76.0000
"2K Play","The Odd Gentlemen",79.0000
"2K Sports","Visual Concepts",84.3333
"2x2 Games","2x2 Games",84.0000
"3 Sprockets ","3 Sprockets",72.6667
3000AD,3000AD,47.0000
"38 Studios","38 Studios",81.0000
"38 Studios","Big Huge Games",81.0000
3909,3909,85.0000
"3D Realms (Apogee Software)","3D Realms (Apogee Software)",73.0000
"4PM GAME","Bojan Brbora",41.0000
"5 Lives Studios","5 Lives Studios",75.0000
"505 Games","EKO Software",60.0000
"505 Games","Hidden Path Entertainment",82.0000
"505 Games","OVERKILL - a Starbreeze Studio.",79.0000
"505 Games","Plastic Piranha",32.0000
"505 Games","Project Gotham",71.0000
"505 Games","Serellan LLC",34.0000
"505 Games","Starbreeze Studios AB",90.0000
"505 Games","Team Gotham",71.0000
"505 Games","THREE ONE ZERO",66.0000
"800 North and Digital Ranch","800 North and Digital Ranch",53.0000
@unepic_fran,@unepic_fran,68.0000
@unepic_fran,"Francisco Téllez de Meneses",68.0000
"A Crowd of Monsters","A Crowd of Monsters",73.0000
"AAD Productions","Alpha Wave Entertainment",65.0000
"Abbey Games","Abbey Games",75.0000
ACE,"Reality Pump Studios",75.5000
"ACE Team","ACE Team",77.0000
"Ackk Studios","Ackk Studios",57.0000
"Active Gaming Media, Inc.",NIGORO,80.0000
Activision,"Aspyr (Mac)",87.5000
Activision,Beenox,62.5000
Activision,"Bizarre Creations",76.0000
Activision,"Gray Matter Studios",87.0000
Activision,"Heavy Iron Studios",42.0000
Activision,"High Moon Studios",69.0000
Activision,"Infinity Ward",81.7778
Activision,Neversoft,76.0000
Activision,"OSome Studio",68.0000
Activision,"Radical Entertainment",77.5000
Activision,"Raven Software",77.3333
Activision,"Saber Interactive",71.0000
Activision,"Sledgehammer Games",78.0000
Activision,"Terminal Reality, Inc.",38.0000
Activision,Treyarch,78.6000
Activision,"Troika Games",80.0000
"Adult Swim Games","Big Pixel Studios",56.0000
"Adult Swim Games",bitHuffel,85.0000
"Adult Swim Games","Connor Ullmann",69.0000
"Adult Swim Games","Crazy Viking Studios",76.0000
"Adult Swim Games","Gatling Goat Studios",61.0000
"Adult Swim Games","Landon Podbielski",82.0000
"Adult Swim Games",Megadev,79.0000
"Adult Swim Games","Necrophone Games",75.0000
"Adult Swim Games","Studio Bean",78.0000
"Adult Swim Games",Team2Bit,73.0000
"AGM PLAYISM","Access Games",67.0000
"AGM PLAYISM","Dinosaur Polo Club",77.0000
"AGM PLAYISM",Edelweiss,86.0000
"AGM PLAYISM",NIGORO,80.0000
"AGM PLAYISM","Nude Maker",53.0000
"AGM PLAYISM","Studio Pixel",82.0000
Akella,"Burut CT",55.0000
Akella,Trashmasters,24.0000
"Aleksey Abramenko","Aleksey Abramenko",80.0000
Alientrap,Alientrap,79.0000
Alientrap,"Alientrap Games Inc",80.0000
"Alientrap Games Inc",Alientrap,80.0000
"Alientrap Games Inc","Alientrap Games Inc",80.0000
"Almost Human Games","Almost Human Games",82.0000
"Amanita Design","Amanita Design",83.2500
"AMPLITUDE Studios","AMPLITUDE Studios",79.2000
amulware,amulware,85.0000
"Analgesic Productions","Sean Hogan and Jonathan Kittaka",75.0000
"Analgesic Productions","Sean HTCH and Joni Kittaka",75.0000
"Analgesic Productions LLC","Sean Hogan and Jonathan Kittaka",75.0000
"Analgesic Productions LLC","Sean HTCH and Joni Kittaka",75.0000
Ankama,Ankama,80.0000
Ankama,"Ankama Play",80.0000
"Ankama Games",Ankama,78.0000
"Ankama Games","Ankama Play",80.0000
"Ankama Games","Ankama Studio",76.0000
"Application Systems Heidelberg","Alasdair Beckett-King",81.0000
"Application Systems Heidelberg","Application Systems Heidelberg",81.0000
"Arc System Works","Arc System Works",84.0000
"Arcen Games","Arcen Games, LLC",65.5000
"Arcen Games, LLC","Arcen Games, LLC",68.9167
"Arkane Studios","Arkane Studios",77.0000
"ARTE France",Darjeeling,64.0000
"ARTE France","Nova Production",64.0000
"Artifice Studio","Artifice Studio",71.0000
Aspyr,"Bloober Team SA",72.0000
"Aspyr (Mac & Linux)","2K Australia",75.5000
"Aspyr (Mac & Linux)","Aspyr (Mac & Linux)",82.2500
"Aspyr (Mac & Linux)","Aspyr (Mac and Linux)",75.5000
"Aspyr (Mac & Linux)","Gearbox Software",82.2500
"Aspyr (Mac and Linux)","2K Australia",75.5000
"Aspyr (Mac and Linux)","Aspyr (Mac & Linux)",75.5000
"Aspyr (Mac and Linux)","Aspyr (Mac and Linux)",75.5000
"Aspyr (Mac and Linux)","Gearbox Software",75.5000
"Aspyr (Mac)","Aspyr (Mac)",85.4375
"Aspyr (Mac)","Aspyr Studios",65.0000
"Aspyr (Mac)",BioWare,93.0000
"Aspyr (Mac)",Frontier,81.0000
"Aspyr (Mac)","Gearbox Software",86.0000
"Aspyr (Mac)","Infinity Ward",87.5000
"Aspyr (Mac)","Irrational Games",81.0000
"Aspyr (Mac)",LucasArts,65.0000
"Aspyr (Mac)","Raven Software",85.0000
"Aspyr (Mac)","Virtual Programming (Linux)",81.0000
"Aspyr (Mac, Linux)","Aspyr (Mac, Linux)",85.0000
"Aspyr (Mac, Linux)","Aspyr (Mac, Linux, & Windows Update)",85.0000
"Aspyr (Mac, Linux)","Firaxis Games",85.0000
"Aspyr (Mac, Linux)","Obsidian Entertainment",85.0000
"Aspyr Media, Inc.","Mindware Studios",47.0000
"Asteroid Base","Asteroid Base",80.0000
"astragon Sales & Services GmbH","Reality Twist GmbH",47.0000
Atari,"Aspyr (Mac)",81.0000
Atari,Beamdog,78.0000
Atari,"Bedlam Games",49.0000
Atari,Behaviour,43.0000
Atari,"Chris Sawyer Productions",74.0000
Atari,Darkworks,66.0000
Atari,"Eden Games",55.0000
Atari,"Eden Studios",72.0000
Atari,"Eugen Systems",78.0000
Atari,Frontier,81.0000
Atari,"Human Head Studios",69.0000
Atari,"Hydravision Entertainment",55.0000
Atari,"Killspace Entertainment",56.0000
Atari,"Krome Studios",52.0000
Atari,"Monolith Productions",77.0000
Atari,"Overhaul Games",78.0000
Atari,"Particle Systems Ltd.",83.0000
Atari,"Spiral House",66.0000
Atari,"Terminal Reality",74.0000
Atari,"TimeGate Studios",77.0000
"Atari Inc.","Zombie Studios",48.0000
"Aterdux Entertainment","Aterdux Entertainment",71.0000
ATLUS,"ACE Team",69.4000
ATLUS,"Big Finish Games",68.0000
ATLUS,"Eden Industries",66.0000
ATLUS,"Old School Games",58.0000
"Atlus U.S.A., Inc. ","Phantom Compass",68.0000
"AtomicTorch Studio","AtomicTorch Studio",55.0000
"Autumn Games","Lab Zero Games",83.0000
"Avalanche Studios","Avalanche Studios",49.0000
"Avalanche Studios","Expansive Worlds",49.0000
"Avidly Wild Games","Avidly Wild Games",74.0000
"Awesome Games Studio","Awesome Games Studio",65.5000
"Awfully Nice Studios","Awfully Nice Studios",81.0000
"Ayyo Games","Eric Provan - Ayyo Games",61.0000
b,"GSC Game World",80.0000
"BadFly Interactive, a.s.","BadFly Interactive, a.s.",59.0000
"BadFly Interactive, a.s.","Dykast Lubomir",59.0000
"BANDAI NAMCO Entertainment","5 Bits Games",78.0000
"BANDAI NAMCO Entertainment","BANDAI NAMCO Studio Inc.",77.0000
"BANDAI NAMCO Entertainment","Brain Slap Studio",47.0000
"BANDAI NAMCO Entertainment",BUGBEAR,72.0000
"BANDAI NAMCO Entertainment","CyberConnect 2",80.0000
"BANDAI NAMCO Entertainment","CyberConnect2 Co., Ltd.",61.0000
"BANDAI NAMCO Entertainment",FromSoftware,85.0000
"BANDAI NAMCO Entertainment","FromSoftware, Inc",85.5000
"BANDAI NAMCO Entertainment","FromSoftware, Inc.",89.0000
"BANDAI NAMCO Entertainment","Magiko Gaming",67.0000
"BANDAI NAMCO Entertainment",NAMCO,77.0000
"BANDAI NAMCO Entertainment","Ninja Theory",70.0000
"BANDAI NAMCO Entertainment","Slightly Mad Studios",83.0000
"BANDAI NAMCO Games","Brain Slap Studio",47.0000
"BANDAI NAMCO Games","CyberConnect 2",80.0000
"BANDAI NAMCO Games","CyberConnect2 Co., Ltd.",61.0000
"BANDAI NAMCO Games",FromSoftware,85.0000
"BANDAI NAMCO Games","FromSoftware, Inc",91.0000
"BANDAI NAMCO Games",NAMCO,77.0000
"BANDAI NAMCO Games","Nine Dots Studio",76.0000
"BANDAI NAMCO Games","Ninja Theory",70.0000
"Bandai Namco Games","Slightly Mad Studios",83.0000
"Baroque Decay","Baroque Decay",79.0000
"Basecamp Games","Basecamp Games",47.0000
"Basilisk Games","Basilisk Games",72.3333
"BattleGoat Studios","BattleGoat Studios",65.0000
Beamdog,Beamdog,78.4000
Beamdog,"Overhaul Games",78.0000
"Beatnik Games","Beatnik Games",76.0000
"BeautiFun Games","BeautiFun Games",72.0000
"Behold Studios","Behold Studios",75.0000
"Benjamin Rivers","Benjamin Rivers",69.0000
BetaDwarf,BetaDwarf,71.6667
"Bethesda Game Studios","Tango Gameworks",68.0000
"Bethesda Softworks","14° East",82.0000
"Bethesda Softworks","Arkane Studios",85.5000
"Bethesda Softworks","Bethesda Game Studios",87.1250
"Bethesda Softworks","Bethesda Game Studios®",89.0000
"Bethesda Softworks","Black Isle Studios",86.0000
"Bethesda Softworks","Headfirst Productions",76.0000
"Bethesda Softworks","id Software",79.0000
"Bethesda Softworks","Interplay Inc.",89.0000
"Bethesda Softworks","inXile Entertainment",61.0000
"Bethesda Softworks","Machine Games",81.0000
"Bethesda Softworks",MachineGames,76.0000
"Bethesda Softworks","Obsidian Entertainment",77.2500
"Bethesda Softworks","RavenSoft / id Software",81.0000
"Bethesda Softworks",Rebellion,29.0000
"Bethesda Softworks","Splash Damage",70.0000
"Bethesda Softworks","Tango Gameworks",68.0000
"Bethesda Softworks","Zenimax Online Studios",71.0000
"Big Fish Games, Inc.","Big Fish Studios",75.0000
"Big Robot Ltd","Big Robot Ltd",63.0000
"Big Sandwich Games","Big Sandwich Games",65.0000
"Bigben Interactive","Kylotonn Racing Games",65.0000
"Binary Takeover","Binary Takeover",76.0000
"BioWare Corporation","BioWare Corporation",81.0000
"Bit Blot, LLC","Bit Blot, LLC",82.0000
"Bit Planet Games, LLC","Bit Planet Games, LLC",57.0000
"Bitbox Ltd.","Bitbox Ltd.",63.0000
"bitComposer Games",3Division,65.0000
"bitComposer Games",b-Alive,49.0000
"bitComposer Games","Bigmoon Studios",62.0000
"bitComposer Games","Coreplay GmbH",62.3333
"bitComposer Games",FromSoftware,61.0000
"bitComposer Games","Games Distillery s.r.o.",20.0000
"bitComposer Games","Games Farm",61.7500
"bitComposer Games","GRIP Digital s.r.o.",57.0000
"bitComposer Games","Ice-pick Lodge",77.0000
"bitComposer Games","Logic Artists",77.0000
"bitComposer Games","Most Wanted Entertainment",69.0000
"bitComposer Games","Spectral Games",37.0000
"bitComposer Games",Sproing,69.0000
"Bithell Games","Bithell Games",78.5000
"Bithell Games","Mike Bithell",77.0000
"Black Forest Games","Black Forest Games",78.7500
"Black Forest Games",Spellbound,65.0000
"Black Pants Studio","Black Pants Game Studio",75.0000
"Black Pants Studio","Black Pants Studio",75.0000
"Black Shell Media","Black Shell Games",76.0000
"Black Shell Media","LRDGames, Inc.",66.0000
"Blackmill Games","Blackmill Games",70.0000
"Blackmill Games",M2H,70.0000
"Blazing Griffin Ltd.","Outerlight Ltd.",76.0000
"Blendo Games","Blendo Games",76.4000
"Blooming Buds Studio","Blooming Buds Studio",70.0000
"Blue Bottle Games","Blue Bottle Games",77.0000
"Blue Manchu","Blue Manchu",80.0000
"BlueGiant Interactive","BlueGiant Interactive",49.3333
"Bohemia Interactive","Altar Games",66.0000
"Bohemia Interactive","Black Element",59.0000
"Bohemia Interactive","Bohemia Interactive",68.7647
"Bohemia Interactive","Centauri Production",64.0000
"Boll AG","Replay Studios",30.0000
"Born Ready Games","Born Ready Games Ltd.",66.0000
"Bossa Studios","Bossa Studios",65.5000
"Brace Yourself Games","Brace Yourself Games",87.0000
"Brain Candy","Brain Candy",27.0000
Brawsome,Brawsome,72.0000
"Broken Rules","Broken Rules",75.0000
"Buka Entertainment","Buka Entertainment",67.0000
"Buka Entertainment","G5 Software",56.0000
"Buka Entertainment","Lesta Studio",62.3333
"Buka Entertainment","MADia Entertainment",66.5000
Bulbware,Bulbware,84.0000
BulkyPix,"Forge Reply srl",78.0000
"Butterscotch Shenanigans","Butterscotch Shenanigans",78.0000
"Cadenza Interactive","Cadenza Interactive",72.5000
"Calvin Weibel","Calvin Weibel",40.0000
"Calvino Noir Limited","Calvino Noir Limited",55.0000
"Campo Santo","Campo Santo",81.0000
Capcom,"Airtight Games",57.0000
Capcom,"Blue Castle Games",78.0000
Capcom,Capcom,79.2353
Capcom,"CAPCOM Co., Ltd.",66.6667
Capcom,"Capcom Vancouver",70.0000
Capcom,"DONTNOD Entertainment",65.0000
Capcom,"Double Helix Games",78.0000
Capcom,GRIN,77.5000
Capcom,"Ninja Theory",85.0000
Capcom,"Proper Games",65.0000
Capcom,WayForward,66.0000
"Capcom Co. Ltd","Slant Six Games",48.0000
"CAPCOM Co., Ltd.","CAPCOM Co., Ltd.",82.0000
"Capcom U.S.A., Inc.","Capcom U.S.A., Inc.",79.0000
"Capybara Games",Capybara,83.0000
"Capybara Games","Capybara Games",81.5000
"Capybara Games","Jim Guthrie",83.0000
"Capybara Games",Superbrothers,83.0000
"Cardboard Computer","Cardboard Computer",81.0000
"Carlos Coronado","Carlos Coronado",75.0000
"Carlos Coronado","Dani Navarro",75.0000
"Carlos Coronado","Luka Nieto",75.0000
"Carlsen Games","Carlsen Games",80.0000
"Carpe Fulgur LLC",EasyGameStation,72.0000
"CBE Software s.r.o.","CBE Software s.r.o.",72.5000
CCP,CCP,79.5556
"CD PROJEKT RED","Can Explode",68.0000
"CD PROJEKT RED","CD PROJEKT RED",83.7500
"Cellar Door Games","Cellar Door Games",85.0000
"Chainsawesome Games","Chainsawesome Games",56.0000
"Channel 4","Lamplight Studios",74.0000
"Chasing Carrots","Chasing Carrots",64.0000
"Chilled Mouse","Rodeo Games",55.0000
"Chilled Mouse",Twistplay,55.0000
"Choice Provisions","Choice Provisions",61.0000
"Christine Love","Christine Love",62.0000
"Christine Love","Love Conquers All Games",62.0000
"Chronic Logic","Cryptic Sea",80.0000
Chucklefish,ConcernedApe,89.0000
Chucklefish,"Hopoo Games, LLC",76.5000
"CI Games","CI Games",59.0000
"CI Games","City Interactive",53.5000
"CI Games","Deck 13",73.0000
Cinemaware,Cinemaware,61.0000
"CINEMAX, s.r.o.","CINEMAX, s.r.o.",64.0000
"Cipher Prime Studios","Cipher Prime Studios",70.0000
"City Interactive","City Interactive",62.0000
Clever-Plays,Clever-Plays,79.0000
Cococucumber,Cococucumber,66.0000
Codemasters,"Blue Omega Entertainment",41.0000
Codemasters,Codemasters,63.6667
Codemasters,"Codemasters - Birmingham Studio",84.0000
Codemasters,"Codemasters Action Studio",67.0000
Codemasters,"Codemasters Birmingham",75.8000
Codemasters,"Codemasters Racing",79.0000
Codemasters,"Codemasters Racing Studio",80.4000
Codemasters,"Codemasters Studios",79.6667
Codemasters,"Deep Red Limited",51.0000
Codemasters,"Feral Interactive (Linux)",78.0000
Codemasters,"Feral Interactive (Mac)",79.3333
Codemasters,"KDV Games",58.0000
Codemasters,"Liquid Entertainment",59.0000
Codemasters,"Triumph Studios",80.5000
"Coffee Stain Studios","Coffee Stain Studios",69.7500
"Coffee Stain Studios","Double Zero One Zero",63.0000
"Coffee Stain Studios","Gone North Games",73.0000
"Cold Beam Games","Cold Beam Games",70.0000
"ColePowered Games","ColePowered Games",76.0000
"Colibri Games","Colibri Games",63.0000
"Cornfox & Bros.","Cornfox & Bros.",73.0000
"Cowardly Creations","Cowardly Creations",67.0000
Crackshell,Crackshell,72.0000
"Crate Entertainment","Crate Entertainment",83.0000
"Crazy Monkey Studios","Claeys Brothers",74.0000
"Crazy Monkey Studios","Crazy Monkey Studios",74.0000
Creability,Creability,39.0000
"Crescent Moon Games","Cinopt Studios",59.0000
"Crescent Moon Games","Crescent Moon Games",59.0000
"Crowbar Collective","Crowbar Collective",86.0000
"Crunching Koalas","Crunching Koalas",72.0000
"Crytek ",Crytek,61.5000
"Cubed Productions LLC","Human Head Studios",69.0000
"Curve Digital","Ciprian Stanciu",63.0000
"Curve Digital","Curve Studios",80.0000
"Curve Digital","Holden Boyles",63.0000
"Curve Studios","Curve Studios",80.0000
"Cyan Worlds","Cyan Worlds",76.3333
Cyanide,Cyanide,70.5000
Cyanide,"Cyanide Studio",72.0000
Cyanide,"Umix Studios",69.0000
"Cyanide Studio",Cyanide,72.0000
"Cyanide Studio","Cyanide Studio",72.0000
"Cyber Rhino Studios","Cyber Rhino Studios",55.0000
D3,"Infinite Interactive",72.0000
D3Publisher,D3,84.0000
D3Publisher,"Infinite Interactive",84.0000
"D3Publisher of America, Inc.",D3,84.0000
"D3Publisher of America, Inc.","Infinite Interactive",78.0000
"D3Publisher of America, Inc.","Vicious Cycle Software, Inc.",69.0000
"Daedalic Entertainment",Bloodirony,59.0000
"Daedalic Entertainment","Daedalic Entertainment",74.7600
"Daedalic Entertainment","Fictiorama Studios",70.0000
"Daedalic Entertainment","Fishcow Studio",50.0000
"Daedalic Entertainment","Funatics Software",69.0000
"Daedalic Entertainment",Gojira,68.0000
"Daedalic Entertainment",Koboldgames,65.0000
"Daedalic Entertainment",Mandragora,63.0000
"Daedalic Entertainment","Mimimi Productions",72.0000
"Daedalic Entertainment","Nexus Game Studios",57.0000
"Daedalic Entertainment","Shining Gate Software",60.0000
"Daedalic Entertainment","THE BROTHERHOOD",79.0000
"Damian Sommer","Damian Sommer",66.0000
"Damian Sommer","Emily Carroll",66.0000
"Daniel Mullins Games","Daniel Mullins Games",86.0000
"Daniel Wright","Daniel Wright",83.0000
"Dark Energy Digital Ltd.","Dark Energy Digital Ltd.",64.0000
"Dark Vale Games LLC","Dark Vale Games",65.0000
"Data Realms","Data Realms",44.0000
"Data Realms","Data Realms, LLC",44.0000
"Data Realms, LLC","Data Realms",44.0000
"Data Realms, LLC","Data Realms, LLC",44.0000
"Daybreak Game Company","Daybreak Game Company",77.7500
"Daybreak Game Company","OVERKILL Software",76.0000
"Daybreak Game Company","Sony Online Entertainment",76.0000
"Daybreak Game Company","Sony Online Entertainment, LLC.",83.0000
"Daylight Studios","Daylight Studios",69.0000
"Dead Mage","Dead Mage",59.5000
Deck13,"Deck 13",69.0000
Deck13,Deck13,65.0000
Deck13,"Varkian Empire",81.0000
"Deco Digital","Bevel Studios",63.0000
"Deco Digital","Deco Digital",63.0000
"Deep Silver","4A Games",79.2000
"Deep Silver","Animation Arts",70.4000
"Deep Silver","Animation Arts GmbH",60.0000
"Deep Silver",AWAR,55.0000
"Deep Silver","Deep Silver Volition",79.3333
"Deep Silver","Digital Extremes",70.0000
"Deep Silver",Eutechnyx,16.0000
"Deep Silver",Fatshark,52.0000
"Deep Silver","High Voltage Software",66.0000
"Deep Silver","inXile Entertainment, inc.",73.0000
"Deep Silver","Kaos Studios",70.0000
"Deep Silver","Keen Games",57.0000
"Deep Silver","Piranha Bytes",69.0000
"Deep Silver","Piranha – Bytes ",77.0000
"Deep Silver",Southend,61.0000
"Deep Silver",Stormregion,76.0000
"Deep Silver",Techland,70.2000
"Deep Silver",Volition,76.0000
"Deep Silver","X1 Software",55.0000
"Defiant Development","Defiant Development",78.0000
Degica,"Adventure Planning Service",85.0000
Degica,"CAVE Interactive CO.,LTD.",82.0000
Degica,Chara-Ani,80.0000
Degica,"Dancing Dragon Games",77.0000
Degica,MAGES.,64.0000
Degica,Pyramid,80.0000
Degica,"Twelve Tiles",67.0000
Degica,YOTSUBANE,85.0000
"Deirdra Kiai Productions","Deirdra Kiai Productions",62.0000
"Deirdra Kiai Productions","Dietrich Squinkifer",62.0000
"Dejobaan Games, LLC","Dejobaan Games, LLC",70.6667
"Demon Wagon Studios","Demon Wagon Studios",58.0000
Demruth,"Alexander Bruce",82.0000
"Destructive Creations","Destructive Creations",43.0000
"Devespresso Games","Devespresso Games",69.0000
"Devlover Digital",Croteam,76.0000
"Devolver Digital","3D Realms",89.0000
"Devolver Digital","A Jolly Corpse",80.0000
"Devolver Digital","Acid Nerve",74.0000
"Devolver Digital",Croteam,75.8667
"Devolver Digital","Cube Roots",73.0000
"Devolver Digital",Deconstructeam,64.0000
"Devolver Digital","Dennaton Games",85.0000
"Devolver Digital","Dodge Roll",84.0000
"Devolver Digital",FarmerGnome,60.0000
"Devolver Digital","Flying Wild Hog",73.0000
"Devolver Digital","Free Lives",83.0000
"Devolver Digital","General Arcade",78.7500
"Devolver Digital","Hato Moa",68.0000
"Devolver Digital","Kuno Interactive",63.0000
"Devolver Digital",Mediatonic,63.6667
"Devolver Digital",Moppin,84.0000
"Devolver Digital",Roll7,78.5000
"Devolver Digital",Tendershoot,80.0000
"Devolver Digital","Terri Vellmann",71.0000
"Devolver Digital","The Collective",69.0000
"Devolver Digital","Tomasz Wac?awek",70.0000
"Devolver Digital","Vagabond Dog",73.0000
"Devolver Digital",Vlambeer,75.0000
"Devolver Digital and Croteam",Croteam,64.0000
"Devolver Digital and Croteam",Vlambeer,64.0000
"Die Gute Fabrik","Schulenburg Software",74.0000
"Dietrich Squinkifer","Deirdra Kiai Productions",62.0000
"Dietrich Squinkifer","Dietrich Squinkifer",62.0000
"Digerati Distribution","Nerdook Productions",70.0000
"Digerati Distribution","Wolf Brew Games",41.0000
"Digerati Distribution",[bracket]games,77.0000
"Digital Confectioners","Digital Confectioners",65.0000
"Digital Eel","Digital Eel",79.0000
"Digital Extremes","Digital Extremes",67.0000
"Digital Extremes",n-Space,61.0000
"Digital Happiness","Digital Happiness",55.6667
"Digital Tribe","GreyLight Entertainment",65.0000
"Digital Tribe","Inner Void",56.0000
"Digital Tribe","Liquid Flower",70.6667
"Digital Tribe","Memetic Games",37.0000
"Digital Tribe","Point Five Projects",49.0000
"Digital Tribe","Replay Studios",61.0000
"Digital Tribe","Serious Brew",63.0000
"Digital Tribe",Wonderfling,83.0000
"Dingaling Productions, LLC",Dingaling,78.0000
"Dinosaur Polo Club","Dinosaur Polo Club",77.0000
"Disney Interactive","Aspyr (Mac)",87.6667
"Disney Interactive","Aspyr (Mac, Linux, & Windows Update)",85.0000
"Disney Interactive","Aspyr Studios",62.0000
"Disney Interactive","Avalanche Software",73.0000
"Disney Interactive",Beenox,73.0000
"Disney Interactive",BioWare,93.0000
"Disney Interactive","Black Rock Studio",79.5000
"Disney Interactive","Etranges Libellules Studios",63.0000
"Disney Interactive",Eurocom,61.0000
"Disney Interactive","Feral Interactive (Mac)",77.0000
"Disney Interactive",GameStar,57.0000
"Disney Interactive","Krome Studios",46.0000
"Disney Interactive",LucasArts,75.1667
"Disney Interactive","Monolith Productions, Inc.",84.0000
"Disney Interactive","Obsidian Entertainment",85.0000
"Disney Interactive","Pandemic Studios",78.0000
"Disney Interactive","Planet Moon Studios",78.0000
"Disney Interactive","Raven Software",85.0000
"Disney Interactive","Traveller's Tales",75.0000
"Dissident Logic","Dissident Logic",68.0000
"DnS Development","DnS Development",42.0000
"Doctor Entertainment","Doctor Entertainment",79.0000
DotEmu,DotEmu,82.0000
DotEmu,"Liquid Entertainment",48.0000
"Double Eleven","Double Eleven",76.0000
"Double Eleven","Double Eleven Limited",73.0000
"Double Eleven","Q-Games. Ltd",72.5000
"Double Eleven Limited","Double Eleven",73.0000
"Double Eleven Limited","Double Eleven Limited",73.0000
"Double Eleven Limited","Q-Games. Ltd",73.0000
"Double Fine Presents",MagicalTimeBean,76.5000
"Double Fine Productions","Double Fine Productions",75.6667
"Double Fine Productions",MagicalTimeBean,76.5000
"DoubleBear Productions","DoubleBear Productions",70.0000
"Dovetail Games - Trains","Dovetail Games",67.0000
"Dovetail Games - Trains",RailSimulator.com,67.0000
Draknek,"Alan Hazelden",82.0000
Draknek,"Harry Lee",82.0000
"Dreadlocks Ltd.","Dreadlocks Ltd.",62.0000
"Dream Reactor","Dream Reactor",61.0000
Dreamatrix,Dreamatrix,29.0000
"DrinkBox Studios","DrinkBox Studios",84.2500
"Droqen's Games",Droqen,83.0000
"DTP Entertainment","Master Creating",57.0000
"DTP Entertainment","Radon Labs",75.0000
Duckbridge,Duckbridge,76.0000
Dvaput,"2x2 Games",84.0000
"Dykast Lubomir","BadFly Interactive, a.s.",59.0000
"Dykast Lubomir","Dykast Lubomir",59.0000
"Dylan Fitterer","Dylan Fitterer",76.0000
"Eden Industries","Eden Industries",81.0000
"Edge of Reality","Edge of Reality",72.0000
"Edmund McMillen","Edmund McMillen and Florian Himsl",84.0000
Egosoft,Egosoft,54.4444
EightyEightGames,EightyEightGames,69.0000
"Electronic Arts","38 Studios",81.0000
"Electronic Arts","Big Huge Games",81.0000
"Electronic Arts",BioWare,90.1667
"Electronic Arts","BioWare Corporation",81.0000
"Electronic Arts","Criterion Games",86.5000
"Electronic Arts",Crytek,86.3333
"Electronic Arts",DICE,87.0000
"Electronic Arts","EA - Maxis",70.0000
"Electronic Arts","EA Black Box",65.0000
"Electronic Arts","EA Los Angeles",77.6667
"Electronic Arts","EA Redwood Shores",86.0000
"Electronic Arts","Electronic Arts",73.0000
"Electronic Arts","Epic Games, Inc.",82.0000
"Electronic Arts","Hothead Games",77.3333
"Electronic Arts","Klei Entertainment",67.0000
"Electronic Arts",Maxis™,68.5000
"Electronic Arts","People Can Fly",82.0000
"Electronic Arts","Slightly Mad Studios",83.5000
"Electronic Arts","Spicy Horse Games",75.0000
"Electronic Arts","Stainless Games",77.0000
"Electronic Arts","The Sims Studio",79.5000
"Electronic Arts","Visceral Games",87.0000
"Empty Clip Studios","Empty Clip Studios",75.0000
"En Masse Entertainment","Bluehole Inc.",77.0000
"En Masse Entertainment","Bluehole Studio",77.0000
"En Masse Entertainment","En Masse Entertainment",77.0000
Engient,"Engient, Inc",60.0000
"Enlight Entertainment Europe Ltd.","Enlight Software Limited",64.0000
"Enlight Software Limited","Enlight Software Limited",60.2500
"Enlight Software Limited","Haemimont Games",74.0000
"Enlight Software Limited","Infinite Interactive",73.0000
"Epic Games, Inc.","Epic Games, Inc.",85.7500
"Epiphany Games","Epiphany Games",32.0000
"Erdem Sen","Erdem Sen",58.0000
"Erik Svedäng","Erik Svedäng",68.0000
"Erik Svedäng AB","El Huervo / Niklas Åkerblad",79.0000
"Erik Svedäng AB","Erik Svedäng",79.0000
"Erik Svedäng AB","Johannes Gotlén",79.0000
"Erik Svedäng AB","Oscar "Ratvader" Rydelius",79.0000
"Erik Svedäng AB","Tobias Sjögren",79.0000
"EuroVideo Medien","Daedalic Entertainment",64.0000
"EuroVideo Medien","Haemimont Games",75.0000
"EuroVideo Medien GmbH","Mosaic Mask Studios",74.0000
"Evan Todd","Evan Todd",73.0000
Eversim,Eversim,63.0000
Exkee,Exkee,69.0000
"Expansive Worlds","Avalanche Studios",49.0000
"Expansive Worlds","Expansive Worlds",49.0000
"Extend Studio","Extend Studio",68.0000
"Eyebrow Interactive","Eyebrow Interactive",78.0000
"Facepalm Games","Olli Harjola, Otto Hantula, Tom Jubert, Carlo Castellano",87.0000
"Factus Games","Muzzy Lane Software",38.0000
"Failbetter Games","Failbetter Games",81.0000
"Fancy Fish Games","Fancy Fish Games",40.0000
Fatshark,Fatshark,70.6667
Fatshark,"Toadman Interactive",69.0000
"Feral Interactive (Linux)","Codemasters Racing",78.0000
"Feral Interactive (Linux)","Creative Assembly",80.5000
"Feral Interactive (Linux)","Crystal Dynamics",86.0000
"Feral Interactive (Linux)","Feral Interactive (Linux)",83.2353
"Feral Interactive (Linux)","Feral Interactive (Mac)",83.2353
"Feral Interactive (Linux)",Firaxis,88.0000
"Feral Interactive (Linux)","Firaxis Games",87.5000
"Feral Interactive (Linux)","Relic Entertainment",80.2000
"Feral Interactive (Linux)","The Creative Assembly",87.0000
"Feral Interactive (Mac)","2K Australia",88.0000
"Feral Interactive (Mac)","2K China",88.0000
"Feral Interactive (Mac)","2K Marin",88.0000
"Feral Interactive (Mac)","Codemasters Birmingham",77.0000
"Feral Interactive (Mac)","Codemasters Racing",78.6667
"Feral Interactive (Mac)","Codemasters Racing Studio",86.0000
"Feral Interactive (Mac)","Creative Assembly",80.5000
"Feral Interactive (Mac)","Crystal Dynamics",84.5000
"Feral Interactive (Mac)","Digital Extremes",88.0000
"Feral Interactive (Mac)","Eidos Montreal",91.0000
"Feral Interactive (Mac)",Eidos-Montréal,70.0000
"Feral Interactive (Mac)","Feral Interactive (Linux)",83.2353
"Feral Interactive (Mac)","Feral Interactive (Mac)",82.6829
"Feral Interactive (Mac)",Firaxis,88.0000
"Feral Interactive (Mac)","Firaxis Games",87.5000
"Feral Interactive (Mac)","Haemimont Games",78.0000
"Feral Interactive (Mac)","IO Interactive",79.0000
"Feral Interactive (Mac)","Relic Entertainment",80.2000
"Feral Interactive (Mac)","Rocksteady Studios",91.0000
"Feral Interactive (Mac)","The Creative Assembly",85.1429
"Feral Interactive (Mac)","Traveller's Tales",77.3333
"Feral Interactive (Mac)","TT Games Ltd",72.0000
"Feral Interactive (Mac)","UBIart Montpellier",86.0000
"Final Form Games","Final Form Games",81.0000
"FiolaSoft Studio","FiolaSoft Studio",82.0000
"FireFly Studios","FireFly Studios",76.4286
"Fireproof Games","Fireproof Games",73.0000
"Fish Eagle","Geniaware Srl",52.0000
"FIX Games, Co. LTD","FIX Games",47.0000
"FIX Games, Co. LTD","FIX Games, Co. LTD",47.0000
"FIX Games, Co. LTD","FIX Korea, Co.LTD",47.0000
"FIX Korea","FIX Games",47.0000
"FIX Korea","FIX Games, Co. LTD",47.0000
"FIX Korea","FIX Korea, Co.LTD",47.0000
"FIX Korea, Co.LTD","FIX Games",47.0000
"FIX Korea, Co.LTD","FIX Games, Co. LTD",47.0000
"FIX Korea, Co.LTD","FIX Korea, Co.LTD",47.0000
"Flat Earth Games","Flat Earth Games",68.0000
Flazm,"Alexey Davydov",69.0000
Flazm,"Sergey Dvoynikov",69.0000
Flazm,"Timofey Shargorodskiy",69.0000
"Flippfly LLC","Flippfly LLC",79.0000
FlukeDude,"Grip Games",64.0000
"Flying Cafe for Semianimals","Flying Cafe for Semianimals",65.0000
"Flying Wild Hog","Flying Wild Hog",70.3333
"Focus Home Interactive","Compulsion Games",62.0000
"Focus Home Interactive",Cyanide,51.0000
"Focus Home Interactive","Cyanide Studio - Spiders Studios",69.0000
"Focus Home Interactive","Cyanide Studios",64.5000
"Focus Home Interactive","Eugen Systems",77.5000
"Focus Home Interactive","Focus Home Interactive",47.0000
"Focus Home Interactive",Frogwares,73.5000
"Focus Home Interactive","Giants Software",64.0000
"Focus Home Interactive","Mighty Rocket Studio",66.0000
"Focus Home Interactive","Monte Cristo",66.0000
"Focus Home Interactive","Passtech Games",74.0000
"Focus Home Interactive",Pastagames,77.0000
"Focus Home Interactive","Pendulo Studios",75.7500
"Focus Home Interactive","Rogue Factor",74.0000
"Focus Home Interactive",Spiders,57.5000
"Focus Home Interactive","Tindalos Interactive",70.0000
"Forever Entertainment S. A.","Forever Entertainment S. A.",61.0000
"Four Lights","Four Lights",55.0000
"Freebird Games","Freebird Games",73.5000
"Frictional Games","Frictional Games",78.5000
"Frictional Games","The Chinese Room",72.0000
"Frima Studio","Frima Studio",76.0000
Frogmind,Frogmind,79.0000
Frogwares,Frogwares,71.1667
"FromSoftware, Inc","FromSoftware, Inc",85.5000
"FromSoftware, Inc.","FromSoftware, Inc.",89.0000
"Frontier Developments","Frontier Developments",80.0000
Frozenbyte,Frozenbyte,79.8000
"Fruitbat Factory",Orange_Juice,73.0000
"Fruitbat Factory","Pomera Studios",79.0000
"Full Control","Full Control Studios",65.0000
"Funbox Media Ltd","Idol FX",70.0000
"Funbox Media Ltd","Infogames Europe SA",70.0000
"Funbox Media Ltd","Jarhead Games",52.0000
"Funbox Media Ltd","Rage Games Limited",80.0000
"Funbox Media Ltd","Rage Software",72.0000
Funcom,Funcom,82.7500
Funcom,"Stunlock Studios",79.0000
"Funktronic Labs","Funktronic Labs",68.0000
"Funselektor Labs Inc.","Funselektor Labs Inc.",66.0000
Futuremark,Futuremark,72.5000
GabberGames.com,GabberGames.com,65.0000
"Gaijin Entertainment","Gaijin Entertainment",79.0000
"Gaijin Entertainment","Star Gem Inc.",75.0000
"Gaijin Entertainment Corporation","Gaijin Entertainment Corporation",63.0000
"Gaijin Games","Gaijin Games",79.5000
"Galactic Cafe","Galactic Cafe",88.0000
GalaxyTrail,GalaxyTrail,81.0000
Gambitious,"Urban Games",68.0000
"Gambitious Digital Entertainment","CreativeForge Games",73.0000
"Gambitious Digital Entertainment","Flying Wild Hog",73.0000
"Gambitious Digital Entertainment","General Arcade",76.0000
"Gambitious Digital Entertainment","Guru Games",61.0000
"Gambitious Digital Entertainment","Ice-pick Lodge",76.0000
"Gambitious Digital Entertainment","Urban Games",68.0000
"Game Factory Interactive","Burut CT",49.0000
"Game Factory Interactive","Targem Games",51.0000
Game-Labs,Game-Labs,84.0000
"Gameforge 4D GmbH","Hex Entertainment",87.0000
"Gamepot, Inc.","Sir-Tech Canada",85.0000
Gamerizon,Gamerizon,67.0000
Gamersfirst,"Reloaded Productions",71.0000
"Games Farm",3Division,65.0000
"Games Farm","Games Farm",61.7500
"Gaslamp Games, Inc.","Gaslamp Games, Inc.",79.0000
"Gazillion Entertainment","Gazillion Entertainment",69.5000
"Gearbox Software","Aspyr (Mac)",86.0000
"Gearbox Software","Blackbird Interactive",79.0000
"Gearbox Software","Gearbox Software",86.0000
"Geeta Games","Geeta Games",71.0000
"Ghostlight LTD","ACQUIRE Corp.",72.0000
"Ghostlight LTD","Idea Factory",48.0000
"Giant Army","Giant Army",83.0000
"Glass Bottom Games","Glass Bottom Games",66.0000
"Glass Knuckle Games","Glass Knuckle Games",68.0000
"Glitchy Pixel","Glitchy Pixel",70.0000
"Goldhawk Interactive","Goldhawk Interactive",77.0000
"grapefrukt games","grapefrukt games",77.0000
Graviteam,Graviteam,70.0000
"Gravity Europe SAS",Anuman,70.8571
"Gravity Europe SAS","Anuman / Microids",76.7143
"Gravity Europe SAS",Microids,72.6000
"Gravity Europe SAS","Paul Cuisset",59.0000
"Gravity Europe SAS",Spellbound,80.0000
"Gravity Europe SAS","White Birds Productions",68.0000
"Gravity Interactive","Gravity Interactive",72.0000
"Greenheart Games","Greenheart Games",68.5000
"Grey Box",Petroglyph,77.0000
"Grinding Gear Games","Grinding Gear Games",85.5000
"GSC Game World","GSC Game World",71.4000
"GSC World Publishing","GSC Game World",70.8750
"Hammerfall Publishing","Hammerfall Publishing",72.0000
"Hanako Games","Hanako Games",67.0000
"Harebrained Holdings","Harebrained Schemes",81.2500
"Hassey Enterprises, Inc.","Hassey Enterprises, Inc.",68.0000
"Hazardous Software Inc.","Hazardous Software Inc.",54.0000
"HB Studios","HB Studios",69.5000
"HD Publishing","Mithis Games",77.0000
"HD Publishing","Most Wanted Entertainment",68.0000
"HD Publishing","Nordic Games",77.0000
"HE SAW","HE SAW",59.0000
"Headup Games","DnS Development",49.0000
"Headup Games","Elder Games",43.0000
"Headup Games",Gentlymad,68.0000
"Headup Games","Headup Games",64.7500
"Headup Games ","Headup Games / Crenetic",50.0000
"Headup Games","Silent Dreams",56.5000
"Headup Games","Studio Fizbin",72.0000
"Headup Games","Tindalos Interactive",74.0000
"Headup Games","Uniworlds Game Studios",49.0000
"Heart Machine","Heart Machine",85.0000
"Hello Games","Hello Games",82.0000
"Hemisphere Games","Hemisphere Games",80.0000
"Her Interactive","Her Interactive",75.8947
"Hi-Rez Studios","Hi-Rez Studios",77.2500
"Hidden Path Entertainment","Hidden Path Entertainment",81.0000
"Himalaya Studios","Himalaya Studios",77.0000
"Hopoo Games, LLC","Hopoo Games, LLC",78.0000
"Hothead Games","Hothead Games",63.0000
Housemarque,Housemarque,82.0000
I-Illusions,I-Illusions,77.0000
"Ian Snyder","Ian Snyder",83.0000
"Ice Water Games","Ice Water Games",55.3333
"Ice-pick Lodge","Ice-pick Lodge",57.0000
"Iceberg Interactive","Camel101 LLC",53.0000
"Iceberg Interactive","Darkling Room",73.0000
"Iceberg Interactive","Fugitive Games",63.0000
"Iceberg Interactive",GameConnect,71.0000
"Iceberg Interactive",Gamepires,73.0000
"Iceberg Interactive","InterWave Studios",71.0000
"Iceberg Interactive","Jötunn Games",74.0000
"Iceberg Interactive",Kukouri,57.0000
"Iceberg Interactive","L3O Interactive",58.0000
"Iceberg Interactive","Little Green Man Games",58.0000
"Iceberg Interactive","Little Green Men Games",58.0000
"Iceberg Interactive","Ntronium Games",66.0000
"Iceberg Interactive","Seaven Studio",68.0000
"Iceberg Interactive",TimeSymmetry,57.0000
"Iceberg Interactive","Zero Sum Games",65.5000
"id Software","Gray Matter Studios",88.0000
"id Software","id Software",80.0000
"Idea Factory International","Compile Heart",66.0000
"Idea Factory International","Idea Factory",66.0000
"Idea Factory International","Idea Factory, Inc.",72.0000
"iFun4all Ltd.","iFun4all Ltd.",55.0000
"Ignition Entertainment","Zombie Studios",65.0000
IllFonic,IllFonic,54.0000
"Illwinter Game Design","Illwinter Game Design",82.0000
Image&Form,Image&Form,77.0000
IMGN.PRO,IMGN.PRO,64.0000
IMGN.PRO,"Oovee® Game Studios",67.0000
"Immanitas Entertainment","Epiphany Games",46.0000
"Immanitas Entertainment GmbH","Epiphany Games",46.0000
"Immanitas Entertainment GmbH","Game Distillery s.r.o.",57.0000
"Immanitas Entertainment GmbH","Spectral Games",37.0000
"increpare games","increpare games",89.0000
IndiePub,"Strange Loop Games",81.0000
"Indietopia Games ","Convoy Games",72.0000
"Infamous Quests","Infamous Quests",71.0000
"Infinitap Games","Infinitap Games",71.5000
"Infinite Monkeys Entertainment Ltd.","Infinite Monkeys Entertainment Ltd.",73.0000
"iNK Stories","iNK Stories",82.0000
"iNK Stories","N-Fusion Interactive",82.0000
"inkle Ltd","Cape Guy Ltd",84.0000
"inkle Ltd","inkle Ltd",76.5000
"Insomniac Games","Insomniac Games",65.0000
"Instant Kingdom","Anne Mönkkönen",73.0000
"Instant Kingdom","Ville Mönkkönen",73.0000
"Interbellum team","Interbellum team",70.0000
"Interceptor Entertainment","Interceptor Entertainment",78.0000
"Interceptor Entertainment","Sunstorm Interactive, 3D Realms",78.0000
"Interdimensional Games Inc","Interdimensional Games Inc",64.0000
"International Games System, Co., LTD.","International Games System, Co., LTD.",60.0000
"Interplay Corp","Volition Inc",91.0000
"Interplay Inc.","BioWare Corporation",83.0000
"Interplay Inc.","Outrage Entertainment",89.0000
"Interplay Inc.","Overhaul Games",73.0000
"Interplay Inc.","Shiny Entertainment",89.0000
Introversion,"Introversion Software",83.0000
"Introversion Software","Introversion Software",80.7500
"Investigate North","Investigate North",74.0000
"inXile Entertainment","inXile Entertainment",74.0000
"inXile Entertainment, inc.","inXile Entertainment, inc.",73.0000
"IonFX Studios",IonFx,76.0000
iRacing,iRacing,79.0000
iRacing,"iRacing.com Motorsport Simulations",79.0000
"iRacing.com Motorsport Simulations",iRacing,79.0000
"iRacing.com Motorsport Simulations","iRacing.com Motorsport Simulations",79.0000
"Iridium Studios","Iridium Studios",58.0000
"Iron Galaxy Studios","Iron Galaxy Studios",73.0000
"Iron Galaxy Studios","Iron Galaxy Studios, LLC",73.0000
"Iron Galaxy Studios, LLC","Iron Galaxy Studios",73.0000
"Iron Galaxy Studios, LLC","Iron Galaxy Studios, LLC",73.0000
"Iron Tower Studio","Iron Tower Studio",81.0000
ISOTX,ISOTX,59.0000
"Ivy Games","Ivy Games",75.0000
"Ivy Games","Ivy Games LLC",75.0000
"Ivy Games LLC","Ivy Games",75.0000
"Ivy Games LLC","Ivy Games LLC",75.0000
Jagex,Artplant,72.0000
Jagex,Jagex,72.0000
"Jason Oda","Jason Oda",62.0000
"Jason Rohrer","Jason Rohrer",58.5000
"Jesse Makkonen","Jesse Makkonen",71.0000
"Joakim Sandberg","Joakim Sandberg",80.0000
"Joe Richardson","Joe Richardson",57.0000
JoyMasher,JoyMasher,80.0000
"Just A Game GmbH","Colossai Studio",60.0000
"Just A Game GmbH","Game Distillery s.r.o.",57.0000
Kabam,"Wild Shadow Studios",82.0000
"Kalypso Media Digital",.dat,58.3333
"Kalypso Media Digital",Akella,58.3333
"Kalypso Media Digital","Ascaron Entertainment ltd.",75.0000
"Kalypso Media Digital",b-Alive,57.0000
"Kalypso Media Digital ","Bigmoon Studios",62.0000
"Kalypso Media Digital ","Coreplay GmbH",62.3333
"Kalypso Media Digital","Digital Reality",75.0000
"Kalypso Media Digital",Dreampainters,75.0000
"Kalypso Media Digital","Feral Interactive (Mac)",78.0000
"Kalypso Media Digital","Gaming Minds Studios",64.5000
"Kalypso Media Digital","Haemimont Games",73.2000
"Kalypso Media Digital",Mediatonic,76.0000
"Kalypso Media Digital","Realmforge Studios",62.6667
"Kalypso Media Digital","Skilltree Studios",74.0000
"Karateka LLC","Liquid Entertainment",48.0000
"Kasedo Games","Bulwark Studios",70.0000
"Keen Games","Keen Software House",52.0000
"Keen Software House","Keen Software House",52.0000
"Kenny Sun","Kenny Sun",80.0000
Kerberos,"Kerberos Productions",68.4000
Kerberos,"Kerberos Productions Inc.",68.4000
"Kerberos Productions Inc.","Kerberos Productions",68.4000
"Kerberos Productions Inc.","Kerberos Productions Inc.",68.4000
"KillHouse Games","KillHouse Games",82.0000
"Killmonday Games HB","Killmonday Games HB",70.0000
"KING Art Games","KING Art Games",71.0000
"Kingdom Games","Kingdom Games",66.0000
"KISS ltd",Allgraf,55.0000
"KISS ltd","Idol FX",70.0000
"KISS ltd","Infogames Europe SA",70.0000
"KISS ltd","Ironsun Studios",70.0000
"KISS ltd","Jarhead Games",52.0000
"KISS ltd","Maximum Games",38.0000
"KISS ltd","Mutant Games",63.0000
"KISS ltd",Pyrodactyl,66.3333
"KISS ltd","Rage Games Limited",80.0000
"KISS ltd","Rage Software",72.0000
"KISS ltd","RainDance LX",62.0000
"KISS ltd",RedBedlam,54.0000
"KISS ltd","Shiver Games",59.0000
"KISS ltd","Stage 2 Studios",59.0000
"KISS ltd","The Mustard Corporation",66.0000
"Kitfox Games","Kitfox Games",63.0000
"Klei Entertainment","Brace Yourself Games",87.0000
"Klei Entertainment","Klei Entertainment",76.0000
Kloonigames,Kloonigames,79.0000
KochMedia,"Piranha Bytes",69.0000
"KOEI TECMO GAMES CO., LTD.","comcept Inc.",49.0000
"KOEI TECMO GAMES CO., LTD.","KOEI TECMO GAMES CO., LTD.",66.0000
"KOEI TECMO GAMES CO., LTD.","Spark Unlimited",49.0000
"KOEI TECMO GAMES CO., LTD.","Team NINJA",49.0000
"Konami Digital Entertainement GmbH","Double Helix Games",64.0000
"Konami Digital Entertainment","Kojima Productions",80.0000
"Konami Digital Entertainment","Konami Digital Entertainment",81.0000
"Konami Digital Entertainment",MercurySteam,59.3333
"Konami Digital Entertainment",PlatinumGames,83.0000
"Konami Digital Entertainment GmbH","Climax Studios",63.0000
"Konami Digital Entertainment GmbH","Saber Interactive",38.0000
"Konami Digital Entertainment GmbH","Zombie Studios",55.0000
"Konami Digital Entertainment, Inc.","Climax Studios",63.0000
"Konami Digital Entertainment, Inc.","Double Helix Games",64.0000
"Konami Digital Entertainment, Inc.","Saber Interactive",38.0000
"Konami Digital Entertainment, Inc.","Zombie Studios",55.0000
"Kot in Action Creative Artel","Kot in Action Creative Artel",55.0000
"Krillbite Studio","Krillbite Studio",66.0000
"Krome Studios","Krome Studios",52.0000
"Krystian Majewski","Krystian Majewski",62.0000
"Kuno Interactive","Kuno Interactive",63.0000
"Kunos Simulazioni","Kunos Simulazioni",85.0000
"Kyle Pulver","Kyle Pulver",79.0000
"Lace Games","RainDance LX",62.0000
"Lace Games","Stage 2 Studios",59.0000
"Larian Studios","Larian Studios",83.7500
Layernet,"Cateia Games",69.0000
"League of Geeks","League of Geeks",75.0000
Libredia,"Cateia Games",69.0000
"Limasse Five","Limasse Five",66.0000
"Logic Artists","Logic Artists",73.0000
"Love Conquers All Games","Christine Love",62.0000
"Love Conquers All Games","Love Conquers All Games",62.0000
LucasArts,"Aspyr (Mac)",87.6667
LucasArts,"Aspyr (Mac, Linux, & Windows Update)",85.0000
LucasArts,"Aspyr Studios",62.0000
LucasArts,BioWare,93.0000
LucasArts,"Feral Interactive (Mac)",77.0000
LucasArts,Frontier,70.0000
LucasArts,"Krome Studios",46.0000
LucasArts,LucasArts,76.0000
LucasArts,"Obsidian Entertainment",85.0000
LucasArts,"Pandemic Studios",78.0000
LucasArts,"Planet Moon Studios",78.0000
LucasArts,"Raven Software",85.0000
LucasArts,"Traveller's Tales",75.0000
Lucasfilm,"Aspyr (Mac)",87.6667
Lucasfilm,"Aspyr (Mac, Linux, & Windows Update)",85.0000
Lucasfilm,"Aspyr Studios",62.0000
Lucasfilm,BioWare,93.0000
Lucasfilm,"Feral Interactive (Mac)",77.0000
Lucasfilm,"Krome Studios",46.0000
Lucasfilm,LucasArts,75.1667
Lucasfilm,"Obsidian Entertainment",85.0000
Lucasfilm,"Pandemic Studios",78.0000
Lucasfilm,"Planet Moon Studios",78.0000
Lucasfilm,"Raven Software",85.0000
Lucasfilm,"Traveller's Tales",75.0000
"Lucky Pause","Lucky Pause",72.0000
"Ludeme Games","Ludeme Games",62.0000
"Ludeme Games","Sirlin Games",62.0000
Ludochip,Ludochip,75.0000
"LudoCraft Ltd.","LudoCraft Ltd.",74.0000
Ludosity,Ludosity,71.0000
"Ludosity Interactive","Ludosity Interactive",73.0000
"Lupus Studios","Locked Door Puzzle",76.0000
"Lupus Studios","Richard Perrin",76.0000
"Lupus Studios Limited","Locked Door Puzzle",67.5000
"Lupus Studios Limited","Richard Perrin",76.0000
M2H,"Blackmill Games",70.0000
M2H,M2H,70.0000
"Madruga Works","Madruga Works",70.0000
Majesco,"Double Fine Productions",70.0000
Majesco,"GlyphX Games",70.0000
Majesco,"Terminal Reality",66.2000
"Majesco Entertainment","Blue Isle Studios",65.0000
"Mangatar Games","Team ERROR",65.0000
"Mangatar Games","Tiny Colossus",65.0000
"Manic Game Studios","Manic Game Studios",81.0000
MAQL,"Lab Zero Games",83.0000
MAQL,Opus,75.0000
"Mark Healey","Mark Healey",69.0000
Marvelous,"Lab Zero Games",83.0000
Marvelous,Opus,77.0000
"Marvelous USA, Inc.",GrisGris,73.0000
"Marvelous USA, Inc.","Nihon Falcom",84.3333
MarvelousAQL,"Lab Zero Games",83.0000
MarvelousAQL,Opus,79.0000
Mastertronic,"Abstraction Games",40.0000
Mastertronic,"Alan Zucconi",73.0000
Mastertronic,"Atrax Games",61.0000
Mastertronic,"Four Circle Interactive",72.5000
Mastertronic,GameDesignDan,72.5000
Mastertronic,HyperSloth,59.0000
Mastertronic,"LGK Games",72.0000
Mastertronic,"Owl Cave",70.0000
Mastertronic,"PolyPusher Studios",39.0000
Mastertronic,Puuba,66.0000
Mastertronic,"Sigtrap Games",70.0000
Mastertronic,"The Bitmap Brothers",40.0000
Mastertronic,"Vivid Games",53.0000
"Matrix Games/GMX Media",Wargaming.net,77.0000
"Matt Makes Games Inc.","Matt Thorson",87.0000
"Maximum Games","Maximum Games",38.0000
Maxistentialism,Teknopants,78.0000
"Merge Games","Elder Games",43.0000
"Merge Games","Pyro Studios",76.5000
"Merge Games","Raspina Studio",55.0000
"Merge Games","Uniworlds Game Studios",49.0000
"Merge Games","Z4G0 and Ivan Venturi Productions",66.0000
Meridian4,Anuman,70.8571
Meridian4,"Anuman / Microids",76.7143
Meridian4,"Arberth Studios",67.0000
Meridian4,"Black Element",59.0000
Meridian4,"CINEMAX, s.r.o.",69.0000
Meridian4,"ClockStone Studios",68.0000
Meridian4,Freegamer,61.0000
Meridian4,"Headup Games",62.3333
Meridian4,"Headup Games / Crenetic",50.0000
Meridian4,Microids,74.8750
Meridian4,"Rake in Grass",64.0000
Meridian4,Rebelmind,63.0000
Meridian4,Rubycone,55.0000
Meridian4,"Silent Dreams",56.5000
Meridian4,Spellbound,80.0000
Meridian4,"Steel Monkeys",44.0000
Meridian4,"Studio Evil",76.0000
Meridian4,Techland,65.5000
Meridian4,"Tindalos Interactive",74.0000
Meridian4,"White Birds Productions",68.0000
Messhof,Messhof,81.0000
"Meteor Entertainment","Adhesive Games",73.0000
"Meteor Entertainment","Reloaded Games",73.0000
"Michael Brough","Michael Brough",70.0000
"Michael Brough","Smestorp Limited",70.0000
"Microsoft Game Studios","Press Play",81.0000
"Microsoft Studios","343 Industries",70.5000
"Microsoft Studios","Big Huge Games",89.0000
"Microsoft Studios","Double Fine Productions",75.0000
"Microsoft Studios","Ensemble Studios",76.0000
"Microsoft Studios","Hidden Path Entertainment",68.0000
"Microsoft Studios","Hidden Path Entertainment, Ensemble Studios",68.0000
"Microsoft Studios","Klei Entertainment",91.0000
"Microsoft Studios","Lionhead Studios",83.0000
"Microsoft Studios","Moon Studios GmbH",88.0000
"Microsoft Studios","Shadow Planet Productions",76.0000
"Microsoft Studios","Signal Studios",71.0000
"Microsoft Studios","Skybox Labs",78.0000
"Microsoft Studios","Tequila Works, S.L.",78.0000
"Microsoft Studios","Undead Labs",79.0000
"Microsoft Studios","Vanguard Games",70.5000
"Microsoft Studios","Zen Studios",84.0000
"MidBoss, LLC.","MidBoss, LLC.",80.0000
"Midnight City","Blue Isle Studios",65.0000
"Midnight City ","Double Fine Productions",70.0000
"Midnight City","Scientifically Proven",65.0000
"Might and Delight","Might and Delight",61.2500
"Mighty Rocket Studio","Hydravision Entertainment",61.0000
"Mike Bithell","Bithell Games",77.0000
"Mike Bithell","Mike Bithell",77.0000
"Milestone S.r.l.","Milestone S.r.l.",74.0000
"Milkstone Studios","Milkstone Studios",69.0000
"Mimimi Productions","Mimimi Productions",72.0000
"Minicore Studios","Minicore Studios",59.0000
"MinMax Games Ltd.","MinMax Games Ltd.",74.0000
"Minor Key Games","Minor Key Games",69.5000
"Minority Media","Minority Media Inc.",70.0000
"Misfits Attic","Misfits Attic",65.0000
"Missing Link Games","Crackpot Entertainment",65.0000
"Missing Link Games","Replay Studios",61.0000
"Missing Link Games","Serious Brew",63.0000
"Missing Link Games",Yager,76.0000
"Missing Link Games","Yager Development",76.0000
"Mode 7","Mode 7",81.5714
"Modulaatio Games","Modulaatio Games",78.0000
Mojang,"Oxeye Game Studio",69.0000
"Monochrome LLC","Monochrome LLC",62.0000
"Monochrome LLC","Monochrome, Inc",62.0000
"Monochrome, Inc","Monochrome LLC",62.0000
"Monochrome, Inc","Monochrome, Inc",62.0000
"Monogon Games","Monogon Games",77.0000
"Monte Cristo","Monte Cristo",62.0000
"Moon Spider Studio","Moon Spider Studio",70.0000
Moonpod,Moonpod,83.0000
"Moonshark, Inc.","Moonshark, Inc.",41.5000
"Moonshark, Inc.","The Odd Gentlemen",41.5000
Mousechief,Mousechief,81.0000
"MuHa Games","MuHa Games",73.0000
Murudai,Murudai,72.0000
"Muse Games","Muse Games",57.5000
"Muzzy Lane Software","Muzzy Lane Software",38.0000
"Mystic Box","Mystic Box",69.0000
N/A,"Star Maid Games",71.0000
"Naiad Entertainment LLC","Naiad Entertainment LLC",63.0000
"Naked Sky Entertainment","Naked Sky Entertainment",80.0000
"Namco Bandai","Digital Extremes",43.0000
"Namco Bandai Games","Brain Slap Studio",47.0000
"NAMCO BANDAI Games",BUGBEAR,72.0000
"Namco Bandai Games","CyberConnect 2",80.0000
"Namco Bandai Games",FromSoftware,85.0000
"Namco Bandai Games","FromSoftware, Inc",91.0000
"Namco Bandai Games","Magiko Gaming",67.0000
"Namco Bandai Games",NAMCO,77.0000
"Namco Bandai Games","Ninja Theory",70.0000
"Namco Networks America, Inc.","Infinite Interactive",83.0000
NCsoft,ArenaNet®,84.0000
NCSOFT,"Carbine Studios",82.0000
"ND Games","Chaos Concept",68.0000
"ND Games","Digital Extremes",66.0000
"ND Games",FromSoftware,61.0000
"ND Games","Ice-pick Lodge",77.0000
"Neko Entertainment",Darjeeling,64.0000
"Neko Entertainment","Eko Software",63.0000
"Neko Entertainment","Headup Games",72.0000
"Neko Entertainment","Nova Production",64.0000
"Neko Entertainment","Studio Fizbin",72.0000
"Nemesys Games","Nemesys Games",73.5000
"Nemoria Entertainment","Nemoria Entertainment",61.0000
NeocoreGames,NeocoreGames,73.8000
"Nether Productions, LLC","Phosphor Games",57.0000
"Nether Productions, LLC","Phosphor Games Studio",57.0000
"New World Interactive","New World Interactive",74.5000
"Nexon America Inc","Splash Damage®",63.0000
"Nexon America Inc.",Nexon,73.5000
"Next Dimension Game Adventures Ltd.","Steel Monkeys",44.0000
Nicalis,"Matt Kap",76.0000
Nicalis,Nicalis,81.3333
Nicalis,"Studio Pixel",83.0000
"Nicalis, Inc.","Nicalis, Inc.",80.0000
"Nicolas Games","Intoxicate Studios",50.0000
"Niffler Ltd.","Niffler Ltd.",59.0000
"Night Dive Studios","DigiFX Interactive",53.0000
"Night Dive Studios","Irrational Games",92.0000
"Night Dive Studios","Looking Glass Studios",88.5000
"Night Dive Studios","Nayma Software",68.0000
"Night Dive Studios","Night Dive Studios",85.0000
"Night Dive Studios","Pulse Entertainment",74.0000
"Night Dive Studios","Sir-Tech Canada",85.0000
"Night Dive Studios","Wayward Design",82.0000
"Night Light Interactive","Night Light Interactive",64.0000
"Night Node","Night Node",61.0000
"Night School Studio","Night School Studio",80.0000
"Nimbly Games","Nimbly Games",79.0000
ninagamers,@unepic_fran,68.0000
ninagamers,"Francisco Téllez de Meneses",68.0000
"Nine Dots Studio","Nine Dots Studio",76.0000
"NIS America","ACQUIRE Corp.",42.0000
"NIS America, Inc.","Nippon Ichi Software, Inc.",74.0000
Nival,Nival,70.6000
"Nkidu Games Inc.",Ironward,74.0000
"Nkidu Games Inc.","Niffler Ltd.",59.0000
"Nkidu Games Inc.","Suppressive Fire Games",49.0000
"Nkidu Games Inc.","Whole Hog Games",72.0000
"No Goblin","No Goblin",75.0000
"Nomad Games","Nomad Games",51.0000
"Nomad Games","Nomad Games Limited",51.0000
"Nomad Games Limited","Nomad Games",51.0000
"Nomad Games Limited","Nomad Games Limited",51.0000
"Nordic Games",2015,71.0000
"Nordic Games","4 Head Studios",62.0000
"Nordic Games","4HEAD Studios",82.0000
"Nordic Games",Cauldron,66.0000
"Nordic Games","Cranberry Production",73.0000
"Nordic Games","Darkling Room",67.0000
"Nordic Games","dtp Entertainment",73.0000
"Nordic Games","Eggtooth Team",43.0000
"Nordic Games","Games Distillery s.r.o.",20.0000
"Nordic Games","Gas Powered Games",83.5000
"Nordic Games","House of Tales",67.6667
"Nordic Games","Iron Lore Entertainment",78.0000
"Nordic Games",Jellyvision,71.0000
"Nordic Games",JoWooD,50.0000
"Nordic Games","JoWooD Vienna",69.0000
"Nordic Games",Kaiko,64.0000
"Nordic Games","Kaos Studios",73.0000
"Nordic Games","Kheops Studio",69.0000
"Nordic Games","KING Art",77.3333
"Nordic Games","KING Art Games",71.0000
"Nordic Games","Kritzelkratz 3000",50.0000
"Nordic Games",Metamorf,57.0000
"Nordic Games","Mind Over Matter Studios",55.0000
"Nordic Games","Mindware Studios",64.6667
"Nordic Games","Mithis Games",77.0000
"Nordic Games","Most Wanted Entertainment",69.0000
"Nordic Games","Neon Studios",64.0000
"Nordic Games",Nival,83.0000
"Nordic Games","Nordic Games",75.0000
"Nordic Games","Pandemic Studios",75.0000
"Nordic Games","People Can Fly",81.0000
"Nordic Games",Phenomic,77.0000
"Nordic Games","Piranha – Bytes",74.3333
"Nordic Games","Rainbow Studios",71.0000
"Nordic Games","Reactor Zero",82.0000
"Nordic Games","Relic Entertainment",72.0000
"Nordic Games","Rune Forge",56.0000
"Nordic Games",Spellbound,72.0000
"Nordic Games","Spellbound Studios",63.0000
"Nordic Games",Sproing,69.0000
"Nordic Games",Stormregion,80.5000
"Nordic Games","Streko Graphics",63.0000
"Nordic Games","The Farm 51",56.3333
"Nordic Games","Vigil Games",82.3333
"Nordic Games",Volition,79.2500
"Nordic Games","Volition, Inc.",71.0000
"Northway Games","Colin Northway with art by Thomas Shahan",74.0000
"Northway Games","Northway Games",75.0000
"Northway Games","Sarah Northway",75.0000
"Noumenon Games","Noumenon Games",80.0000
NovaLogic,NovaLogic,71.5714
"Numantian Games","Numantian Games",71.0000
"Number None","Number None",90.0000
"Numinous Games","Numinous Games",78.0000
"Nunchuck Games","Sanzaru Games",57.0000
Nyamyam,Nyamyam,57.0000
"Nyu Media","ASTRO PORT",67.0000
"Nyu Media","souvenir circ.",56.0000
"Oddworld Inhabitants, Inc.","Just Add Water (Developments), Ltd.",87.0000
"OhNoo Studio","OhNoo Studio",72.0000
"Okugi Studio","Okugi Studio",68.0000
"Okugi Sudio","Okugi Studio",68.0000
Oldblood,Oldblood,68.0000
OlderBytes,OlderBytes,66.0000
"Omni Systems ","Rudolf Kremers & Alex May",63.0000
"ONE MORE LEVEL","Frozen District",68.0000
"Oovee® Game Studios","Oovee® Game Studios",67.0000
"OP Productions","Hammerpoint Interactive",20.0000
"OP Productions","OP Productions LLC",20.0000
"OP Productions LLC","Hammerpoint Interactive",20.0000
"OP Productions LLC","OP Productions LLC",20.0000
"ORiGO GAMES","Extend Studio",73.0000
"Osprey Publishing","The Mustard Corporation",66.0000
OtakuMaker.com,"XiNFiNiTY Games",54.0000
"Out of the Park Developments","Out of the Park Developments",86.7500
"Over The Moon","Over The Moon",76.0000
"Owl Cave","Owl Cave",69.0000
"Owlchemy Labs","Owlchemy Labs",71.0000
"P2 Games",doublesix,72.0000
"Paleo Entertainment","Paleo Entertainment",35.0000
"Panic Inc.","Campo Santo",81.0000
"Paradox Interactive",1C:InoCo,72.0000
"Paradox Interactive","Arrowhead Game Studios",71.6667
"Paradox Interactive","BattleGoat Studios",63.0000
"Paradox Interactive","Black Sea Studios Ltd",77.0000
"Paradox Interactive","Colossal Order Ltd.",75.6667
"Paradox Interactive","CreativeForge Games",70.0000
"Paradox Interactive","Critical Studio",67.0000
"Paradox Interactive","Cyanide Montreal",45.0000
"Paradox Interactive",Fatshark,70.2000
"Paradox Interactive","Flying Squirrel Entertainment",83.0000
"Paradox Interactive","Ino-Co Plus",71.5000
"Paradox Interactive","Kerberos Productions",65.0000
"Paradox Interactive","Kerberos Productions Inc.",75.0000
"Paradox Interactive","Martin Ivanov",81.0000
"Paradox Interactive","Most Wanted Entertainment",58.0000
"Paradox Interactive","NEOCORE GAMES",60.0000
"Paradox Interactive",NeocoreGames,63.6667
"Paradox Interactive","Nitro Games",63.0000
"Paradox Interactive","Obsidian Entertainment",89.0000
"Paradox Interactive","Paradox Development Studio",77.5238
"Paradox Interactive","Paradox Interactive",82.7500
"Paradox Interactive","Paradox North",69.0000
"Paradox Interactive","Pieces Interactive",69.0000
"Paradox Interactive","Radioactive Software",22.0000
"Paradox Interactive","Tale Worlds",75.0000
"Paradox Interactive","TaleWorlds Entertainment",75.2500
"Paradox Interactive","Test3 Projects",78.0000
"Paradox Interactive","TURBO TAPE GAMES",64.0000
"Paradox Interactive",VStep,49.0000
"Paradox Interactive","Zeal Game Studio",60.0000
"Perfect World Entertainment","Cryptic Studios",72.0000
"Perfect World Entertainment","Hardsuit Labs",75.0000
"Perfect World Entertainment","Perfect World Beijing",69.0000
"Perfect World Entertainment","Perfect World Entertainment",69.0000
"Perfect World Entertainment","Stairway Games",79.0000
"Perfect World Entertainment","Zombie, Inc.",75.0000
Petroglyph,Petroglyph,55.0000
"Phantom EFX","8monkey Labs",51.0000
"Phoenix Online Publishing","Infamous Quests",63.0000
"Phoenix Online Publishing","Mad Orange",59.0000
"Phoenix Online Publishing","No Bull Intentions",56.0000
"Phoenix Online Publishing","Overflow Games",62.0000
"Phoenix Online Publishing","Phoenix Online Studios",54.0000
"Phoenix Online Publishing","The Game Kitchen",79.0000
"Phoenix Online Studios","Mad Orange",59.0000
"Phosfiend Systems","Phosfiend Systems",75.0000
"Phosphor Games","Phosphor Games",53.3333
"Phosphor Games","Phosphor Games Studio",57.0000
"Pieces Interactive","Pieces Interactive",57.0000
PikPok,PikPok,76.0000
PikPok,Sidhe,84.0000
"Pinkapp Games","Ink Stains Games",74.0000
"Pinkerton Road Studio","Phoenix Online Studios",74.0000
"Pinkerton Road Studio","Pinkerton Road Studio",74.0000
"Pixel Pi Games","Pixel Pi Games",57.0000
PixelNAUTS,PixelNAUTS,72.0000
Playbrains,"Fuel Entertainment",71.0000
Playbrains,Playbrains,76.3333
Playdead,Playdead,88.0000
PlayFirst,"Wadjet Eye Games",71.0000
"PlayStation Mobile, Inc.","Arrowhead Game Studios",83.0000
"PlayStation Mobile, Inc. ","The Chinese Room",73.0000
"PlayWay S.A.","Red Dot Games",68.0000
"Plug In Digital","Aurelien Regard",82.0000
"Plug In Digital","Kylotonn Racing Games",65.0000
"Plug In Digital","Milestone S.r.l.",76.0000
"Plug In Digital","Wild Factor",69.0000
"Pocketwatch Games","Pocketwatch Games",83.0000
"PolyPusher Studios","PolyPusher Studios",39.0000
"Pop Sandbox","Pop Sandbox",74.0000
"PopCap Games, Inc.","PopCap Games, Inc.",80.5000
Positech,"Positech Games",69.0000
Positech,"The Tiniest Shark",62.0000
"Positech Games","Positech Games",70.7500
"Positech Games","Twice Circled",72.0000
"PostMod Softworks","PostMod Softworks",62.0000
"Praxia Entertainment Inc","Praxia Entertainment Inc",83.0000
"Prologue Games","Prologue Games",66.0000
Psyonix,Psyonix,86.0000
"Psyop Games",IllFonic,54.0000
"Puny Human","Puny Human",74.0000
"Puny Human","Puny Human Games",72.0000
"Puny Human Games","Puny Human",72.0000
"Puny Human Games","Puny Human Games",72.0000
"Puppy Games",Puppygames,79.0000
Puuba,Puuba,64.0000
Pyrodactyl,Pyrodactyl,69.0000
"Q Entertainment Inc.","Q Entertainment Inc.",74.0000
"Q-Games, Ltd.","Q-Games, Ltd.",76.6667
"QCF Design","QCF Design",82.0000
Question,Question,80.0000
"RaceRoom Entertainment AG","SimBin Studios AB",72.0000
"Ragequit Corporation","Ragequit Corporation",73.0000
RageSquid,RageSquid,74.0000
RailSimulator.com,"Dovetail Games",67.0000
RailSimulator.com,RailSimulator.com,67.0000
"Rain Games","Rain Games",77.0000
"Rake in Grass","Rake in Grass",80.0000
Ravenscourt,"VIS Games",63.0000
"Raw Fury",Licorice,74.0000
"Raw Fury",Noio,74.0000
Re-Logic,Re-Logic,83.0000
Rebellion,"Elixir Studios",75.0000
Rebellion,GRIN,55.0000
Rebellion,"Humongous Entertainment",77.0000
Rebellion,"Impressions Games",71.0000
Rebellion,"Massive Entertainment",83.0000
Rebellion,Rebellion,66.5714
"Recoil Games","Recoil Games",81.0000
"Red 5 Studios","Red 5 Studios",60.0000
"Red Barrels","Red Barrels",80.0000
"Red Fly Studio","Red Fly Studio",55.0000
"Red Hook Studios","Red Hook Studios",84.0000
"Red Redemption","Red Redemption",70.0000
"Red Rocket Games","Red Rocket Games",72.0000
"Red Thread Games","Red Thread Games",73.0000
"Reloaded Games","Adhesive Games",73.0000
"Reloaded Games","Reloaded Games",73.0000
"Remedy Entertainment","Remedy Entertainment",78.0000
"Reptile Games","Reptile Games",69.0000
"Reptile Games","Team Reptile",69.0000
"Retro Affect","Retro Affect",74.0000
Retroism,"Artech Studios",67.0000
Retroism,"Enlight Software Limited",59.0000
Retroism,"Haemimont Games",74.0000
Retroism,"Infinite Interactive",73.0000
Retroism,Microprose,85.0000
Retroism,"Wayward Design",82.0000
Retroism,"Zombie Studios",61.0000
"Reverb Publishing","Exato Games Studio",73.0000
"Reverb Publishing","Lukewarm Media",67.0000
"Reverb Publishing","Ratloop Asia",74.0000
"Reverb Publishing",Threaks,75.0000
"Reverb Triple XP","Green Lava Studios",75.0000
"Reverb Triple XP","Lukewarm Media",67.0000
"Reverb Triple XP",Zojoi,69.0000
"Reverie World Studios, INC","Reverie World Studios",59.0000
"Reverie World Studios, INC","Reverie World Studios, INC",59.0000
"Revolution Software Ltd","Revolution Software Ltd",82.0000
"Richard Seabrook","Richard Seabrook",43.0000
RichMakeGame,RichMakeGame,62.0000
"Rimlight Studios","Rimlight Studios",58.0000
Ripstone,Dreadbit,75.0000
Ripstone,"Golden Ruby Games",75.0000
Ripstone,"VooFoo Studios",68.0000
Ripstone,"Zoink Games",83.0000
Ripstone,Zoink!,83.0000
"Rising Star Games",Coilworks,71.5000
"Rising Star Games","Delve Interactive",62.0000
"Rising Star Games","Kraken Empire",68.0000
"Rising Star Games","Rat King Entertainment",74.0000
"Rising Star Games","Rising Star Games",59.0000
"Rising Star Games",Speelbaars,69.0000
"Rising Star Games",Wonderstruck,69.0000
"Ritual Entertainment","Ritual Entertainment",75.0000
"Rival Games Ltd","Rival Games Ltd",77.0000
"Robot Entertainment","Robot Entertainment",81.0000
"Rocket Bear Games","Rocket Bear Games",74.5000
"Rockstar Games","Remedy Entertainment",87.5000
"Rockstar Games","Rockstar Games",93.3333
"Rockstar Games","Rockstar Leeds",83.0000
"Rockstar Games","Rockstar New England",72.0000
"Rockstar Games","Rockstar North",87.0000
"Rockstar Games","Rockstar San Diego",81.0000
"Rockstar Games","Rockstar Studios",87.0000
"Rockstar Games","Rockstar Toronto",90.0000
"Rockstar Games","Team Bondi",83.0000
"Rodeo Games","Rodeo Games",74.0000
"Rogue Rocket Games","Rogue Rocket Games",76.0000
"Ronimo Games","Ronimo Games",78.0000
"Runic Games","Runic Games",84.6667
"Running With Scissors","Running With Scissors",57.5000
SaintXi,SaintXi,66.0000
"Sam Barlow","Sam Barlow",86.0000
"Santa Ragione","Santa Ragione",72.0000
"Sarepta studio","Sarepta studio",57.0000
Satshark,Fatshark,52.0000
"Scientifically Proven","Scientifically Proven",65.0000
"Scott Cawthon","Scott Cawthon",67.6000
"Screen 7","Faravid Interactive",75.0000
"Screen 7","Harvester Games",76.3333
"ScrewAttack Entertainment LLC","FreakZone Games",77.0000
"SCS Software","SCS Software",75.0000
"Secret Base","Secret Base",75.0000
SEGA,Arkedo,64.0000
SEGA,"Avalanche Studios",76.0000
SEGA,"Bizarre Creations",67.0000
SEGA,"Creative Assembly",78.6000
SEGA,"Devil's Details",72.5000
SEGA,"Double Fine Productions",68.0000
SEGA,Eurocom,57.0000
SEGA,"Feral Interactive (Linux)",82.7273
SEGA,"Feral Interactive (Mac)",82.7143
SEGA,"Gas Powered Games",60.0000
SEGA,"Gearbox Software",45.0000
SEGA,"Hitbox Team",79.0000
SEGA,Monolith,78.0000
SEGA,"Obsidian Entertainment",72.0000
SEGA,Petroglyph,77.0000
SEGA,Rebellion,68.0000
SEGA,Relic,74.0000
SEGA,"Relic Entertainment",82.3125
SEGA,SEGA,60.0000
SEGA,"Sports Interactive",84.3333
SEGA,"Sumo Digital",72.0000
SEGA,"The Creative Assembly",81.2667
SEGA,"Three Rings",64.0000
"Sekai Project",VisualArts/Key,83.0000
"Selenion Games","Selenion Games",49.0000
"Serenity Forge","Serenity Forge",68.0000
"Shark Punch","Shark Punch",68.0000
"Shawn McGrath","][ Games Inc",80.0000
"Shiro Games","Shiro Games",61.0000
"Shiver Games","Shiver Games",55.3333
"Shortbreak Studios s.c. ","Shortbreak Studios s.c.",71.0000
Sidhe,Sidhe,84.0000
Sierra,"Rock Pocket Games",70.0000
"Signo & Arte","KTX Software",54.3333
"Silverlode Interactive","Silverlode Interactive",61.0000
"Silverlode Interactive","Wasatch Games",61.0000
SimBin,SimBin,83.0000
SimBin,"SimBin Studios AB",78.0000
Simogo,Simogo,87.0000
"Size Five Games","Size Five Games",79.3333
"Sketchy Logic","Sketchy Logic",77.0000
Skygoblin,SkyGoblin,75.2500
"Slightly Mad Studios","Slightly Mad Studios",83.0000
"Slitherine Ltd.",Ageod,70.3333
"Slitherine Ltd.","Black Lab Games",69.0000
"Slitherine Ltd.","Cat Rabbit",65.0000
"Slitherine Ltd.","Code Force",81.0000
"Slitherine Ltd.","Every Single Soldier",81.0000
"Slitherine Ltd.","Flashback Games",74.0000
"Slitherine Ltd.","Polar Motion",62.0000
"Slitherine Ltd.","Slitherine Ltd.",78.0000
"Slitherine Ltd.",SoftWarWare,75.0000
"Slitherine Ltd.","Studio Nyx",64.0000
"Slitherine Ltd.","The Artistocrats",81.0000
"Slitherine Ltd.","The Lordz Games Studio",74.0000
"Slitherine Ltd.",Turnopia,70.5000
"Slitherine Ltd.","Witching Hour Studios",75.0000
"Smestorp Limited","Michael Brough",70.0000
"Smestorp Limited","Smestorp Limited",70.0000
"Smudged Cat Games Ltd","Smudged Cat Games Ltd",72.0000
"Snail USA","Snail USA",74.0000
"Snapshot Games Inc.","Snapshot Games Inc.",85.0000
"Snow Cannon Games","Sarepta studio",57.0000
"Snowbird Games","Snowbird Games",74.0000
"Snowed In Studios","Snowed In Studios",55.0000
"SOEDESCO Publishing","Sileni Studios",69.0000
"SOEDESCO Publishing","Storm in a Teacup",43.0000
SoftPlanet,SoftPlanet,68.0000
"Soldak Entertainment","Soldak Entertainment",76.3333
"Sonic Boom Games","Sonic Boom Games",44.0000
"Sony Online Entertainment","Daybreak Game Company",76.0000
"Sony Online Entertainment","OVERKILL Software",76.0000
"Sony Online Entertainment","Sony Online Entertainment",72.5000
"Sony Online Entertainment, LLC.","Daybreak Game Company",83.0000
"Sony Online Entertainment, LLC.","Sony Online Entertainment, LLC.",83.0000
Sorath,Sorath,83.0000
"Sos Mikolaj Kaminski",Sos,76.0000
"SouthPeak Games","Crackpot Entertainment",65.0000
"SouthPeak Games","Replay Studios",61.0000
"SouthPeak Games","Spark Unlimited",50.0000
"SouthPeak Games","Spidermonk Entertainment",72.0000
"SouthPeak Games","TimeGate Studios",72.0000
Sparpweed,Codeglue,83.0000
Sparpweed,Sparpweed,83.0000
"Spearhead Games","Spearhead Games",75.0000
"Spicy Horse","Spicy Horse",53.0000
"Spiderweb Software","Spiderweb Software",77.2000
"Spike Chunsoft Co., Ltd.","Abstraction Games",83.0000
"Spike Chunsoft Co., Ltd.","Spike Chunsoft Co., Ltd.",83.0000
"Spiral Game Studios","Spiral Game Studios",36.0000
"Spooky Squid Games","Spooky Squid Games Inc.",74.0000
"Spry Fox LLC","Spry Fox LLC",75.0000
Squad,Squad,88.0000
"Square Enix","Airtight Games",65.0000
"Square Enix",Avalanche,79.5000
"Square Enix","Avalanche Studios",77.6667
"Square Enix","Crystal Dynamics",80.2222
"Square Enix","Double Helix Games",63.0000
"Square Enix","Eidos Interactive",76.0000
"Square Enix","Eidos Montreal",91.0000
"Square Enix","Eidos Studio Hungary",74.0000
"Square Enix",Eidos-Montréal,70.0000
"Square Enix","Feral Interactive (Linux)",86.0000
"Square Enix","Feral Interactive (Mac)",83.3333
"Square Enix","Gas Powered Games",81.0000
"Square Enix","IO Interactive",75.4286
"Square Enix","Ion Storm",85.0000
"Square Enix","Looking Glass Studios",89.5000
"Square Enix","Obsidian Entertainment",72.0000
"Square Enix","Pivotal Games",57.3333
"Square Enix","PopCap Games, Inc.",71.0000
"Square Enix","SQUARE ENIX",68.1111
"Square Enix","Square Enix Montréal",73.0000
"Square Enix","United Front Games",81.0000
"Square Enix",Wargaming.net,69.0000
"SQUARE ENIX, Eidos Interactive","Airtight Games",59.0000
"SQUARE ENIX, Eidos Interactive","Airtight Games, Inc",77.0000
"SQUARE ENIX, Eidos Interactive",Avalanche,79.5000
"SQUARE ENIX, Eidos Interactive","Avalanche Studios",79.5000
"SQUARE ENIX, Eidos Interactive","Crystal Dynamics",79.9231
"SQUARE ENIX, Eidos Interactive","Crystal Dynamics Inc.",81.0000
"SQUARE ENIX, Eidos Interactive","Double Helix Games",63.0000
"SQUARE ENIX, Eidos Interactive","Eidos Interactive",76.0000
"SQUARE ENIX, Eidos Interactive","Eidos Montreal",91.0000
"SQUARE ENIX, Eidos Interactive","Eidos Studio Hungary",74.0000
"SQUARE ENIX, Eidos Interactive",Eidos-Montréal,70.0000
"SQUARE ENIX, Eidos Interactive","Feral Interactive (Linux)",86.0000
"SQUARE ENIX, Eidos Interactive","Feral Interactive (Mac)",83.3333
"SQUARE ENIX, Eidos Interactive","Gas Powered Games",77.0000
"SQUARE ENIX, Eidos Interactive","Io Interactive",75.0000
"SQUARE ENIX, Eidos Interactive","Ion Storm",85.0000
"SQUARE ENIX, Eidos Interactive","Looking Glass Studios",89.5000
"SQUARE ENIX, Eidos Interactive","Obsidian Entertainment",72.0000
"SQUARE ENIX, Eidos Interactive","Pivotal Games",57.5000
"SQUARE ENIX, Eidos Interactive","PopCap Games, Inc.",71.0000
"SQUARE ENIX, Eidos Interactive","Rocksteady Studios",91.0000
"SQUARE ENIX, Eidos Interactive","SQUARE ENIX",70.8333
"SQUARE ENIX, Eidos Interactive","United Front Games",81.0000
"SQUARE ENIX, Eidos Interactive",Wargaming.net,69.0000
"Squid In A Box Ltd","Squid In A Box Ltd",82.0000
"Stainless Games Ltd","Stainless Games Ltd",54.0000
"Stardock Entertainment","Gas Powered Games",76.0000
"Stardock Entertainment","Ironclad Games",85.3333
"Stardock Entertainment","Mohawk Games",84.0000
"Stardock Entertainment","Oxide Games",68.0000
"Stardock Entertainment","Recoil Games",81.0000
"Stardock Entertainment","Stardock Entertainment",80.0000
"StarWraith 3D Games LLC","StarWraith 3D Games LLC",70.0000
"State of Play Games","State of Play Games",69.5000
"Steel Crate Games","Steel Crate Games",67.0000
"Stickmen Studios","Stickmen Studios",62.0000
"Still Games","Still Games",50.0000
"Strategy First","Artematica Entertainment",35.0000
"Strategy First","Ascaron Entertainment ltd.",73.3333
"Strategy First","Autumn Moon",75.0000
"Strategy First",Biart,39.0000
"Strategy First","Black Cactus",68.5000
"Strategy First","Bugbear Entertainment",74.7500
"Strategy First","Burut CT",62.0000
"Strategy First","Deck 13",69.0000
"Strategy First",Deck13,69.0000
"Strategy First",exDream,59.0000
"Strategy First","Invent4 Entertainment",61.0000
"Strategy First","KDV Games",43.0000
"Strategy First","Malfador Machinations",73.5000
"Strategy First","Maus Software",54.0000
"Strategy First","Momentum Digital Media Technologies",66.0000
"Strategy First","Muzzy Lane",70.0000
"Strategy First",Revistronic,41.0000
"Strategy First","Sick Puppies",81.0000
"Strategy First",Sonalysts,83.3333
"Strategy First","Strategy First",73.3333
"Strategy First","Team 6 Studios",23.0000
"Strategy First","Third Wire Productions",62.0000
"Strategy First Inc.","Invent4 Entertainment",61.0000
"Studio Evil","Studio Evil",76.0000
"Studio Paint","Studio Paint",74.0000
"Stunlock Studios","Stunlock Studios",79.0000
"Stygian Software","Stygian Software",72.0000
"Subaltern Games","Subaltern Games",60.0000
"Subatomic Studios LLC","Subatomic Studios LLC",73.0000
"Subset Games","Subset Games",84.0000
"Subterranean Games","Subterranean Games",65.0000
"Sumom Games","Sumom Games",55.0000
"Superflat Games","Jasper Byrne",81.0000
"Supergiant Games","Supergiant Games",83.0000
"SUPERHOT Team","SUPERHOT Team",82.0000
"SuperVillain Studios","SuperVillain Studios",59.0000
"Surprise Attack ","Chocolate Liberation Front",66.0000
"Surprise Attack","Kinelco & Lone Elk Creative",63.0000
"Surprise Attack","Samurai Punk",71.0000
"Surprise Attack","SeeThrough Studios",74.0000
"Surprise Attack","Team Fractal Alligator",82.0000
"Surprise Attack ","Thoughtshelter Games",70.0000
"Suspicious Developments","Suspicious Developments",83.0000
"Suspicious Developments Ltd","Suspicious Developments",83.0000
"Swing Swing Submarine","Swing Swing Submarine",73.3333
"Tale of Tales","Tale of Tales",71.5000
"TaleWorlds Entertainment","Flying Squirrel Entertainment",83.0000
"TaleWorlds Entertainment","TaleWorlds Entertainment",75.2500
"Targem Games","Targem Games",66.0000
"Tasharen Entertainment Inc.","Tasharen Entertainment Inc.",61.0000
"Tate Multimedia","Tate Multimedia",58.0000
"Team Reptile","Reptile Games",69.0000
"Team Reptile","Team Reptile",75.5000
"Team17 Digital Ltd","Italic Pig",64.5000
"Team17 Digital Ltd","Just A Pixel Ltd.",49.0000
"Team17 Digital Ltd","Modern Dream",45.0000
"Team17 Digital Ltd","Mouldy Toof Studios",71.0000
"Team17 Digital Ltd","Self Made Miracle",80.0000
"Team17 Digital Ltd","Team 17 Digital Ltd",67.0000
"Team17 Digital Ltd","Team17 Digital Ltd",67.8333
"Team17 Digital Ltd","Team17 Digital Ltd.",73.0000
"Team17 Digital Ltd","Team17 Software Ltd. ",68.1000
"Team17 Digital Ltd","Tiger and Squid",60.0000
"Team17 Digital Ltd",Unicube,67.0000
"Team17 Digital Ltd.","Just A Pixel Ltd.",49.0000
"Team17 Software Ltd.","Team17 Digital Ltd",68.6667
"Team17 Software Ltd.","Team17 Software Ltd.",67.5000
Techland,"Dreadlocks Ltd.",62.0000
Techland,Techland,80.0000
"TECMO KOEI GAMES CO., LTD.","comcept Inc.",49.0000
"TECMO KOEI GAMES CO., LTD.","Spark Unlimited",49.0000
"TECMO KOEI GAMES CO., LTD.","Team NINJA",49.0000
"Telltale Games",Straandlooper,75.0000
"Telltale Games","Telltale Games",74.8571
"Teotl Studios","Talawa Games",74.0000
"Terrible Posture Games LLC","Terrible Posture Games",77.0000
"Terry Cavanagh","Terry Cavanagh",83.3333
"The Astronauts","The Astronauts",81.5000
"The Behemoth","The Behemoth",85.0000
"The Bitmap Brothers","Abstraction Games",40.0000
"The Bitmap Brothers","The Bitmap Brothers",40.0000
"THE BROTHERHOOD","THE BROTHERHOOD",79.0000
"The Chinese Room","Robert Briscoe",75.0000
"The Chinese Room","The Chinese Room",75.0000
"The Chinese Room","thechineseroom & Robert Briscoe",75.0000
"The Fighter Collection","Eagle Dynamics",82.0000
"The Fullbright Company","The Fullbright Company",86.0000
"The Molasses Flood","The Molasses Flood",73.0000
"The Quantum Astrophysicists Guild","Ty Taylor and Mario Castañeda",74.0000
"The Sleeping Machine","Cockroach Inc.",76.5000
"The Sleeping Machine","The Sleeping Machine",76.5000
thechineseroom,"Robert Briscoe",75.0000
thechineseroom,"The Chinese Room",75.0000
thechineseroom,"thechineseroom & Robert Briscoe",75.0000
"Thekla, Inc.","Thekla, Inc.",87.0000
"Thomas Happ Games LLC","Thomas Happ Games LLC",80.0000
THQ,Beenox,73.0000
THQ,"Nordic Games",82.0000
THQ,"Reactor Zero",82.0000
THQ,Relic,74.0000
THQ,"Relic Entertainment",84.6000
THQ,Volition,82.6667
"Thunder Lotus Games","Thunder Lotus Games",79.0000
"TicToc Games","TicToc Games",72.0000
"Tiger Style","Tiger Style",79.0000
"Tilted Mill Entertainment, Inc.","Tilted Mill Entertainment, Inc.",71.6667
"TimeGate Studios","TimeGate Studios",80.2000
tinyBuild,"Denis Novikov",83.0000
tinyBuild,"Lazy Bear Games",73.0000
tinyBuild,"Pinokl Games",66.0000
tinyBuild,QUICKTEQUILA,61.5000
tinyBuild,"Red Winter Software",78.0000
tinyBuild,tinyBuild,54.0000
tinyBuild,"Victor Solodilov",83.0000
"Toasty Games","Toasty Games",68.0000
tobyfox,tobyfox,92.0000
"Tommo Inc.","Artech Studios",67.0000
"Tomorrow Corporation","Tomorrow Corporation",73.0000
Topware,"Targem Games",69.0000
"Topware Interactive","ASK Homework",61.0000
"Topware Interactive","Chasing Carrots",64.0000
"Topware Interactive","Reality Pump Studios",74.0000
"Topware Interactive",Starbreeze,71.0000
"Topware Interactive",Topware,71.0000
"Topware Interactive","Topware Interactive",54.0000
"Torn Banner Studios","Torn Banner Studios",74.0000
"Toxic Games","Toxic Games",69.0000
Transhuman,"Transhuman Design",81.0000
"Transhuman Design","Transhuman Design",81.0000
Trapdoor,"Polytron Corporation",91.0000
Treasure,Treasure,84.0000
"TreeFortress Games","TreeFortress Games",76.0000
"TREK Industries","Spiral Game Studios",36.0000
"Trendy Entertainment","Trendy Entertainment",81.0000
"Triangle Studios","Triangle Studios",59.0000
"Tribute Games","Tribute Games",81.0000
"Tribute Games","Tribute Games Inc.",81.0000
"Tribute Games Inc.","Tribute Games",81.0000
"Tribute Games Inc.","Tribute Games Inc.",77.2500
"Trion Worlds","Bluehole Ginno Games",63.0000
"Trion Worlds","Trion Worlds",69.0000
"Trion Worlds","Trion Worlds, Inc.",64.0000
"Trion Worlds",XLGAMES,80.0000
"Trion Worlds, Inc.","Trion Worlds",64.0000
"Trion Worlds, Inc.","Trion Worlds, Inc.",64.0000
Triple.B.Titles,Triple.B.Titles,75.0000
"Tripwire Interactive","Anti Matter Games",82.0000
"Tripwire Interactive","Rising Storm Team",82.0000
"Tripwire Interactive","Teotl Studios",68.0000
"Tripwire Interactive","Tripwire Interactive",78.1667
"Triskell Interactive","Triskell Interactive",65.0000
"Triumph Studios","Triumph Studios",82.0000
TURBOGUN,TURBOGUN,68.0000
"Twisted Pixel Games","Twisted Pixel Games",75.0000
"Twisted Tree","Ed Key and David Kanaga",80.0000
"Two Tribes","Two Tribes",75.6667
"U&I Entertainment","Moonbite Games",32.0000
"U&I Entertainment","PadaOne Games",32.0000
"U.S. Army","U.S. Army",70.0000
"Uber Entertainment","Uber Entertainment",75.5000
Ubisoft,"1C: Maddox Games",60.0000
Ubisoft,"Arkane Studios",72.0000
Ubisoft,Blackhole,77.0000
Ubisoft,"Blue Byte",78.0909
Ubisoft,BlueByte,83.0000
Ubisoft,"Brightside Games",72.0000
Ubisoft,"Capybara Games",76.0000
Ubisoft,"Crytek Studios",89.0000
Ubisoft,Darkworks,66.0000
Ubisoft,"Eugen Systems",76.0000
Ubisoft,"Feral Interactive (Mac)",86.0000
Ubisoft,"Gearbox Software",84.2000
Ubisoft,"Ivory Tower in collaboration with Ubisoft Reflections",71.0000
Ubisoft,"Krome Studios",60.0000
Ubisoft,Kudosoft,89.0000
Ubisoft,"Massive Entertainment",83.3333
Ubisoft,Nadeo,78.8000
Ubisoft,Nival,71.0000
Ubisoft,"Outerlight Ltd.",73.0000
Ubisoft,"Pwnee Studios",67.0000
Ubisoft,"Red Storm Entertainment",76.3750
Ubisoft,"Redlynx Ltd",85.0000
Ubisoft,"RedLynx, in collaboration with  Ubisoft Shanghai, Ubisoft Kiev",80.0000
Ubisoft,"Reflections, a Ubisoft Studio",75.0000
Ubisoft,Related,82.0000
Ubisoft,"Related Designs",81.6000
Ubisoft,"Signal Studios",60.0000
Ubisoft,"Straight Right",65.0000
Ubisoft,Techland,78.3333
Ubisoft,"Telltale Games",63.0000
Ubisoft,"Transmission Games",65.0000
Ubisoft,"UBIart Montpellier",86.0000
Ubisoft,Ubisoft,78.2727
Ubisoft,"Ubisoft  Shanghaï",76.0000
Ubisoft,"Ubisoft - San Francisco",78.0000
Ubisoft,"Ubisoft Blue Byte Studio",58.0000
Ubisoft,"Ubisoft Bucharest Studio",70.0000
Ubisoft,"Ubisoft Bulgaria",58.0000
Ubisoft,"Ubisoft Kiev",74.0000
Ubisoft,"Ubisoft Montpellier",70.0000
Ubisoft,"Ubisoft Montreal",82.6316
Ubisoft,"Ubisoft Montreal, Massive Entertainment, and Ubisoft Shanghai",88.0000
Ubisoft,"Ubisoft Montreal, Red Storm, Shanghai, Toronto, Kiev",80.0000
Ubisoft,"Ubisoft Paris",71.0000
Ubisoft,"Ubisoft Quebec",84.0000
Ubisoft,"Ubisoft Quebec, in collaboration with Ubisoft Annecy, Bucharest,",74.0000
Ubisoft,"Ubisoft Reflections",70.5000
Ubisoft,"Ubisoft Romania",69.0000
Ubisoft,"Ubisoft Singapore",70.0000
Ubisoft,"Ubisoft Sofia",74.0000
"Ubisoft Entertainment",DotEmu,65.0000
"Ubisoft Montreal","Ubisoft Montreal",64.0000
"Ultra Runaway Games","Jesse Gallagher",73.5000
"Unigine Corp.","Unigine Corp.",67.0000
"United Independent Entertainment","Enlight Software Limited, PerspectX",58.0000
"United Independent Entertainment GmbH","UIG International GmbH",58.0000
"United Independent Entertainment GmbH","United Independent Entertainment GmbH",58.0000
"United Independent Entertainment GmbH","VIS - Visual Imagination Software",58.0000
"Unknown Worlds Entertainment","Unknown Worlds Entertainment",80.0000
Untame,Untame,78.0000
Valusoft,"KTX Software",51.0000
Valve,"Gearbox Software",71.0000
Valve,"Mark Healey",69.0000
Valve,Valve,86.8182
"Vanguard Entertainment Group","Vanguard Games",76.0000
"Varkian Empire","Varkian Empire",81.0000
VBlank,"Vblank Entertainment, Inc.",71.0000
"Vblank Entertainment, Inc.","Vblank Entertainment, Inc.",71.0000
"Versus Evil	",Wyrmbyte,43.0000
"Versus Evil",Gambrinous,72.0000
"Versus Evil","Pencil Test Studios",57.0000
"Versus Evil","Skyshine Games",67.0000
"Versus Evil",Stoic,76.6667
"Versus Evil",Swordtales,57.0000
"Versus Evil","Tangrin Entertainment",58.0000
"Vertigo Games","IF Games",61.0000
"Vertigo Games","Vertigo Games",61.0000
"Viva Meda","Grey Dog Software",80.0000
"Viva Media","4Head Studios",63.0000
"Viva Media","Autumn Moon",66.0000
"Viva Media","bitComposer Games",59.0000
"Viva Media","Black Lion Studios",34.0000
"Viva Media","Cranberry Production",73.0000
"Viva Media","dtp Entertainment",74.0000
"Viva Media","Fakt Software",76.8000
"Viva Media","Haemimont Games",72.0000
"Viva Media",Spellbound,65.0000
"Viva Media","stillalive studios",54.0000
"Viva Media Inc","WizarBox Production",72.0000
Vlambeer,Vlambeer,88.0000
Vogelsap,Vogelsap,36.0000
"Vogster Entertainment","Vogster Entertainment",68.0000
"Wadjet Eye Games","Grundislav Games",70.6667
"Wadjet Eye Games","Joshua Neurnberger",82.0000
"Wadjet Eye Games","Technocrat Games",82.0000
"Wadjet Eye Games","Wadjet Eye Games",75.7500
"Wadjet Eye Games","Wormwood Studios",71.5000
"Wadjet Eye Games","XII Games",76.0000
"Wales Interactive","Wales Interactive",57.0000
Wargaming.net,"Cavedog Entertainment",86.0000
Wargaming.net,Wargaming.net,72.0000
"Warner Bros. Interactive Entertainment","5th Cell Media",71.5000
"Warner Bros. Interactive Entertainment","Avalanche Studios",73.0000
"Warner Bros. Interactive Entertainment","Day 1 Studios",74.0000
"Warner Bros. Interactive Entertainment","Deadline Games",55.3333
"Warner Bros. Interactive Entertainment","Feral Interactive (Mac)",86.2500
"Warner Bros. Interactive Entertainment","High Voltage Software",76.0000
"Warner Bros. Interactive Entertainment",Monolith,79.0000
"Warner Bros. Interactive Entertainment","Monolith Productions, Inc.",88.0000
"Warner Bros. Interactive Entertainment","NetherRealm Studios",76.0000
"Warner Bros. Interactive Entertainment","Rocksteady Studios",91.0000
"Warner Bros. Interactive Entertainment","Snowblind Studios",66.0000
"Warner Bros. Interactive Entertainment","Splash Damage",74.0000
"Warner Bros. Interactive Entertainment","Supergiant Games",86.0000
"Warner Bros. Interactive Entertainment",Timegate,88.0000
"Warner Bros. Interactive Entertainment","Traveller's Tales",79.5000
"Warner Bros. Interactive Entertainment","TT Games",79.0000
"Warner Bros. Interactive Entertainment","TT Games Ltd",72.0000
"Warner Bros. Interactive Entertainment","Turbine, Inc.",86.0000
"Warner Bros. Interactive Entertainment","WB Games Montreal",74.0000
"Warner Bros. Interactive Entertainment","Zombie Studios",56.0000
"Wastelands Interactive","Wastelands Interactive",52.0000
WaterMelon,WaterMelon,73.0000
WayForward,WayForward,85.0000
"WG Labs","Quicksilver Software",64.0000
"Whale Rock Games","Whale Rock Games",60.0000
"White Paper Games","White Paper Games",80.0000
"White Rabbit Interactive","Digital Arrow",59.0000
WildTangent,WildTangent,80.0000
"Will O'Neill","Will O'Neill",77.0000
"Winch Gate Property Limited","Winch Gate Property Limited",64.0000
"Witch Beam","Witch Beam",79.0000
"Wizards of the Coast","Stainless Games",65.6667
"Wizards of the Coast LLC","Stainless Games",77.0000
"Wizards of the Coast LLC","Stainless Games Ltd",74.3333
"WXP Games, LLC","WXP Games, LLC",67.0000
"Xaviant Games",Xaviant,69.0000
"XiNFiNiTY Games","XiNFiNiTY Games",54.0000
XSEED,GrisGris,73.0000
XSEED,"Nihon Falcom",79.6667
"Yacht Club Games","Yacht Club Games",85.0000
"Yanim Studio","Yanim Studio",53.0000
YCJY,YCJY,76.0000
"Young Horses","Young Horses",69.0000
"Yukitama Creative Industries","Alexey Bokulev",73.0000
"Yukitama Creative Industries","Charlie Oscar Lima Tango Interactive Entertainment",73.0000
"Yukitama Creative Industries","Sergei Klimov",73.0000
Zachtronics,Zachtronics,79.0000
ZackBellGames,ZackBellGames,68.0000
"Zandel Media","Zandel Media",63.0000
"Zaxis Games",B-evil,66.0000
"Zaxis Games","Zaxis Games",66.0000
"Zeboyd Games","Zeboyd Games",78.0000
"Zen Studios","Zen Studios",73.0000
"Zoink Games","Zoink Games",74.0000
"Zombie Cow Studios","Zombie Cow Studios",84.0000
"Zombie Studios","Zombie Studios",51.0000
